param_id,signal_name,direction,entry_time,exit_time,entry,exit,sl,tp,pnl,gross_pnl,exit_reason,hold_bars,session,trade_date
IFB_0022,emapmo_normal,short,2026-04-27T02:50:00+00:00,2026-04-27T03:00:00+00:00,71.82000000000001,71.77,71.87,71.77,26.20000000000682,30.00000000000682,tp,2,ASIA,2026-04-27
IFB_0022,emapmo_normal,short,2026-04-27T05:40:00+00:00,2026-04-27T05:45:00+00:00,71.88,71.82000000000001,71.94,71.82000000000001,32.19999999999284,35.99999999999284,tp,1,ASIA,2026-04-27
IFB_0022,emapmo_normal,short,2026-04-29T01:25:00+00:00,2026-04-29T01:25:00+00:00,72.38,72.43,72.43,72.33,-33.80000000000682,-30.00000000000682,sl,0,ASIA,2026-04-29
IFB_0022,emapmo_normal,short,2026-04-29T02:10:00+00:00,2026-04-29T02:25:00+00:00,72.47,72.41,72.53,72.41,32.20000000000137,36.000000000001364,tp,3,ASIA,2026-04-29
IFB_0022,emapmo_normal,short,2026-04-29T12:10:00+00:00,2026-04-29T12:10:00+00:00,73.23,73.12,73.34,73.12,62.19999999999966,65.99999999999966,tp,0,PRE,2026-04-29
IFB_0022,emapmo_normal,short,2026-04-30T02:05:00+00:00,2026-04-30T02:25:00+00:00,74.45,74.52,74.52,74.38,-45.799999999995904,-41.99999999999591,sl,4,ASIA,2026-04-30
IFB_0022,emapmo_normal,short,2026-04-30T02:55:00+00:00,2026-04-30T03:05:00+00:00,74.64,74.7,74.7,74.58,-39.80000000000136,-36.000000000001364,sl,2,ASIA,2026-04-30
IFB_0022,emapmo_normal,short,2026-05-01T00:50:00+00:00,2026-05-01T01:00:00+00:00,74.60000000000001,74.69,74.69,74.51,-57.79999999999352,-53.99999999999352,sl,2,ASIA,2026-05-01
IFB_0022,emapmo_normal,short,2026-05-01T03:30:00+00:00,2026-05-01T03:55:00+00:00,74.92,74.87,74.97,74.87,26.199999999998294,29.999999999998295,tp,5,ASIA,2026-05-01
IFB_0022,emapmo_normal,short,2026-05-01T12:15:00+00:00,2026-05-01T12:15:00+00:00,75.01,74.94,75.08,74.94,38.20000000000444,42.000000000004434,tp,0,PRE,2026-05-01
IFB_0022,emapmo_normal,short,2026-05-04T17:05:00+00:00,2026-05-04T17:20:00+00:00,76.2,76.06,76.34,76.06,80.20000000000034,84.00000000000034,tp,3,RTH,2026-05-04
IFB_0022,emapmo_normal,short,2026-05-05T00:30:00+00:00,2026-05-05T02:00:00+00:00,76.35000000000001,76.24,76.46000000000001,76.24,62.20000000000819,66.00000000000819,tp,18,ASIA,2026-05-05
IFB_0022,emapmo_normal,short,2026-05-05T08:45:00+00:00,2026-05-05T09:05:00+00:00,76.48,76.59,76.59,76.37,-69.79999999999966,-65.99999999999966,sl,4,EURO,2026-05-05
IFB_0022,emapmo_normal,short,2026-05-05T11:30:00+00:00,2026-05-05T12:00:00+00:00,76.65,76.75,76.75,76.55,-63.79999999999659,-59.99999999999659,sl,6,PRE,2026-05-05
IFB_0022,emapmo_normal,long,2026-05-06T12:05:00+00:00,2026-05-06T12:10:00+00:00,75.16,75.38,74.94,75.38,128.1999999999993,131.99999999999932,tp,1,PRE,2026-05-06
IFB_0022,emapmo_normal,long,2026-05-07T15:55:00+00:00,2026-05-07T16:00:00+00:00,74.21000000000001,74.45,73.97,74.45,140.19999999999692,143.99999999999693,tp,1,RTH,2026-05-07
IFB_0022,emapmo_normal,short,2026-05-11T06:20:00+00:00,2026-05-11T06:20:00+00:00,75.05,75.09,75.09,75.01,-27.800000000003752,-24.00000000000375,sl,0,ASIA,2026-05-11
IFB_0022,emapmo_normal,short,2026-05-11T06:30:00+00:00,2026-05-11T06:30:00+00:00,75.05,75.01,75.09,75.01,20.199999999995224,23.999999999995225,tp,0,ASIA,2026-05-11
IFB_0022,emapmo_normal,long,2026-05-11T17:35:00+00:00,2026-05-11T17:50:00+00:00,73.59,73.72,73.46000000000001,73.72,74.19999999999727,77.99999999999727,tp,3,RTH,2026-05-11
IFB_0022,emapmo_normal,short,2026-05-12T14:50:00+00:00,2026-05-12T14:55:00+00:00,74.49,74.61,74.61,74.37,-75.80000000000273,-72.00000000000273,sl,1,RTH,2026-05-12
IFB_0022,emapmo_normal,short,2026-05-12T15:50:00+00:00,2026-05-12T16:00:00+00:00,74.53,74.67,74.67,74.39,-87.80000000000034,-84.00000000000034,sl,2,RTH,2026-05-12
IFB_0022,emapmo_normal,short,2026-05-13T01:15:00+00:00,2026-05-13T01:20:00+00:00,75.17,75.10000000000001,75.24,75.10000000000001,38.19999999999591,41.99999999999591,tp,1,ASIA,2026-05-13
IFB_0022,emapmo_normal,short,2026-05-13T11:35:00+00:00,2026-05-13T11:35:00+00:00,75.15,75.2,75.2,75.10000000000001,-33.79999999999829,-29.999999999998295,sl,0,PRE,2026-05-13
IFB_0022,emapmo_normal,long,2026-05-14T03:05:00+00:00,2026-05-14T03:05:00+00:00,74.19,74.23,74.15,74.23,20.20000000000375,24.00000000000375,tp,0,ASIA,2026-05-14
IFB_0022,emapmo_normal,long,2026-05-14T14:20:00+00:00,2026-05-14T14:25:00+00:00,73.72,73.9,73.54,73.9,104.2000000000041,108.00000000000409,tp,1,RTH,2026-05-14
IFB_0022,emapmo_normal,long,2026-05-14T17:25:00+00:00,2026-05-14T17:30:00+00:00,73.3,73.4,73.2,73.4,56.20000000000512,60.000000000005116,tp,1,RTH,2026-05-14
IFB_0022,emapmo_normal,short,2026-05-18T05:35:00+00:00,2026-05-18T05:35:00+00:00,74.72,74.69,74.75,74.69,14.200000000000681,18.000000000000682,tp,0,ASIA,2026-05-18
IFB_0022,emapmo_normal,short,2026-05-18T11:40:00+00:00,2026-05-18T11:40:00+00:00,74.85000000000001,74.77,74.93,74.77,44.200000000007506,48.0000000000075,tp,0,PRE,2026-05-18
IFB_0022,emapmo_normal,short,2026-05-18T17:45:00+00:00,2026-05-18T17:45:00+00:00,75.73,75.65,75.81,75.65,44.19999999999898,47.99999999999898,tp,0,RTH,2026-05-18
IFB_0022,emapmo_normal,short,2026-05-20T07:05:00+00:00,2026-05-20T07:05:00+00:00,75.86,75.75,75.97,75.75,62.19999999999966,65.99999999999966,tp,0,EURO,2026-05-20
IFB_0022,emapmo_normal,long,2026-05-20T18:15:00+00:00,2026-05-21T00:00:00+00:00,74.69,74.60000000000001,74.60000000000001,74.78,-57.79999999999352,-53.99999999999352,sl,1,RTH,2026-05-20
IFB_0022,emapmo_normal,long,2026-05-21T04:20:00+00:00,2026-05-21T04:25:00+00:00,74.33,74.36,74.3,74.36,14.200000000000681,18.000000000000682,tp,1,ASIA,2026-05-21
IFB_0022,emapmo_normal,long,2026-05-26T07:15:00+00:00,2026-05-26T07:15:00+00:00,73.4,73.48,73.32000000000001,73.48,44.19999999999898,47.99999999999898,tp,0,EURO,2026-05-26
IFB_0022,emapmo_normal,short,2026-05-27T04:40:00+00:00,2026-05-27T05:05:00+00:00,74.49,74.52,74.52,74.46000000000001,-21.800000000000683,-18.000000000000682,sl,5,ASIA,2026-05-27
IFB_0022,emapmo_normal,short,2026-05-27T17:55:00+00:00,2026-05-27T17:55:00+00:00,75.26,75.17,75.35000000000001,75.17,50.20000000000205,54.000000000002046,tp,0,RTH,2026-05-27
IFB_0022,emapmo_normal,short,2026-05-28T05:20:00+00:00,2026-05-28T05:30:00+00:00,75.74,75.76,75.76,75.72,-15.80000000000614,-12.000000000006139,sl_same_bar,2,ASIA,2026-05-28
IFB_0022,emapmo_normal,short,2026-05-29T01:55:00+00:00,2026-05-29T01:55:00+00:00,76.43,76.48,76.48,76.38,-33.79999999999829,-29.999999999998295,sl_same_bar,0,ASIA,2026-05-29
IFB_0022,emapmo_normal,short,2026-05-29T09:10:00+00:00,2026-05-29T09:15:00+00:00,76.66,76.59,76.73,76.59,38.19999999999591,41.99999999999591,tp,1,EURO,2026-05-29
IFB_0022,emapmo_normal,short,2026-05-29T16:05:00+00:00,2026-05-29T16:30:00+00:00,77.67,77.5,77.84,77.5,98.20000000000103,102.00000000000102,tp,5,RTH,2026-05-29
IFB_0022,emapmo_normal,short,2026-06-01T10:15:00+00:00,2026-06-01T10:45:00+00:00,78.17,78.09,78.25,78.09,44.19999999999898,47.99999999999898,tp,6,EURO,2026-06-01
IFB_0022,emapmo_normal,short,2026-06-01T16:45:00+00:00,2026-06-01T16:45:00+00:00,79.04,78.9,79.18,78.9,80.20000000000034,84.00000000000034,tp,0,RTH,2026-06-01
IFB_0022,emapmo_normal,short,2026-06-03T03:55:00+00:00,2026-06-03T04:25:00+00:00,78.96000000000001,78.93,78.99,78.93,14.200000000000681,18.000000000000682,tp,6,ASIA,2026-06-03
IFB_0022,emapmo_normal,short,2026-06-03T10:15:00+00:00,2026-06-03T10:20:00+00:00,79.39,79.47,79.47,79.31,-51.799999999998974,-47.99999999999898,sl,1,EURO,2026-06-03
IFB_0022,emapmo_normal,long,2026-06-04T03:45:00+00:00,2026-06-04T03:50:00+00:00,78.42,78.37,78.37,78.47,-33.79999999999829,-29.999999999998295,sl,1,ASIA,2026-06-04
IFB_0022,emapmo_normal,long,2026-06-04T18:15:00+00:00,2026-06-04T18:15:00+00:00,76.33,76.45,76.21000000000001,76.45,68.20000000000273,72.00000000000273,tp,0,RTH,2026-06-04
IFB_0022,emapmo_normal,long,2026-06-05T08:55:00+00:00,2026-06-05T08:55:00+00:00,76.08,76.17,75.99,76.17,50.20000000000205,54.000000000002046,tp,0,EURO,2026-06-05
IFB_0022,emapmo_normal,long,2026-06-08T00:15:00+00:00,2026-06-08T00:45:00+00:00,74.33,74.14,74.14,74.52,-117.79999999999863,-113.99999999999864,sl,6,ASIA,2026-06-08
IFB_0022,emapmo_normal,long,2026-06-08T14:10:00+00:00,2026-06-08T14:15:00+00:00,74.33,74.60000000000001,74.06,74.60000000000001,158.20000000000613,162.00000000000614,tp,1,RTH,2026-06-08
IFB_0022,emapmo_normal,short,2026-06-09T15:40:00+00:00,2026-06-09T15:45:00+00:00,74.82000000000001,75.0,75.0,74.64,-111.79999999999556,-107.99999999999557,sl,1,RTH,2026-06-09
IFB_0022,emapmo_normal,short,2026-06-10T00:55:00+00:00,2026-06-10T00:55:00+00:00,75.03,74.93,75.13,74.93,56.19999999999659,59.99999999999659,tp,0,ASIA,2026-06-10
IFB_0022,emapmo_normal,short,2026-06-10T17:55:00+00:00,2026-06-10T18:10:00+00:00,75.55,75.45,75.65,75.45,56.19999999999659,59.99999999999659,tp,3,RTH,2026-06-10
IFB_0022,emapmo_normal,long,2026-06-12T01:25:00+00:00,2026-06-12T01:30:00+00:00,74.49,74.43,74.43,74.55,-39.799999999992835,-35.99999999999284,sl,1,ASIA,2026-06-12
IFB_0022,emapmo_normal,long,2026-06-12T06:15:00+00:00,2026-06-12T06:45:00+00:00,73.93,73.99,73.87,73.99,32.19999999999284,35.99999999999284,tp,6,ASIA,2026-06-12
IFB_0022,emapmo_normal,long,2026-06-12T10:35:00+00:00,2026-06-12T10:40:00+00:00,73.29,73.4,73.18,73.4,62.19999999999966,65.99999999999966,tp,1,EURO,2026-06-12
IFB_0022,emapmo_normal,short,2026-06-16T01:25:00+00:00,2026-06-16T02:10:00+00:00,74.2,74.15,74.25,74.15,26.199999999998294,29.999999999998295,tp,9,ASIA,2026-06-16
IFB_0022,emapmo_normal,long,2026-06-16T18:00:00+00:00,2026-06-16T18:00:00+00:00,73.0,72.91,72.91,73.09,-57.80000000000204,-54.000000000002046,sl_same_bar,0,RTH,2026-06-16
IFB_0022,emapmo_normal,long,2026-06-17T00:00:00+00:00,2026-06-17T00:00:00+00:00,73.10000000000001,72.98,72.98,73.22,-75.80000000000273,-72.00000000000273,sl,0,RTH,2026-06-16
IFB_0022,emapmo_normal,long,2026-06-17T02:55:00+00:00,2026-06-17T03:15:00+00:00,72.53,72.46000000000001,72.46000000000001,72.60000000000001,-45.799999999995904,-41.99999999999591,sl,4,ASIA,2026-06-17
IFB_0022,emapmo_normal,long,2026-06-17T09:40:00+00:00,2026-06-17T11:40:00+00:00,72.83,73.26,72.4,73.26,254.20000000000408,258.0000000000041,tp,24,EURO,2026-06-17
IFB_0022,emapmo_normal,short,2026-06-17T12:40:00+00:00,2026-06-17T14:55:00+00:00,68.2,67.74,68.66,67.74,272.20000000000476,276.0000000000048,tp,18,PRE,2026-06-17
IFB_0022,emapmo_normal,short,2026-06-18T00:50:00+00:00,2026-06-18T01:30:00+00:00,71.08,70.95,71.21000000000001,70.95,74.19999999999727,77.99999999999727,tp,8,ASIA,2026-06-18
IFB_0022,emapmo_normal,long,2026-06-18T11:05:00+00:00,2026-06-18T11:10:00+00:00,66.05,66.17,65.93,66.17,68.20000000000273,72.00000000000273,tp,1,PRE,2026-06-18
IFB_0022,emapmo_normal,long,2026-06-18T15:20:00+00:00,2026-06-18T15:20:00+00:00,65.04,65.23,64.85,65.23,110.19999999999864,113.99999999999864,tp,0,RTH,2026-06-18
IFB_0022,emapmo_normal,short,2026-06-22T00:05:00+00:00,2026-06-22T01:25:00+00:00,66.62,66.1,67.14,66.1,308.2000000000061,312.00000000000614,tp,16,ASIA,2026-06-22
IFB_0022,emapmo_normal,long,2026-06-22T04:20:00+00:00,2026-06-22T04:25:00+00:00,66.49,66.46000000000001,66.46000000000001,66.52,-21.799999999992156,-17.999999999992156,sl,1,ASIA,2026-06-22
IFB_0022,emapmo_normal,long,2026-06-25T03:20:00+00:00,2026-06-25T04:15:00+00:00,65.36,65.41,65.31,65.41,26.199999999998294,29.999999999998295,tp,10,ASIA,2026-06-25
IFB_0022,emapmo_normal,short,2026-06-26T00:55:00+00:00,2026-06-26T01:25:00+00:00,67.06,67.17,67.17,66.95,-69.79999999999966,-65.99999999999966,sl,6,ASIA,2026-06-26
IFB_0022,emapmo_normal,short,2026-06-26T07:15:00+00:00,2026-06-26T07:15:00+00:00,66.95,67.01,67.01,66.89,-39.80000000000136,-36.000000000001364,sl,0,EURO,2026-06-26
IFB_0022,emapmo_normal,short,2026-06-29T03:25:00+00:00,2026-06-29T03:50:00+00:00,67.28,67.33,67.33,67.23,-33.79999999999829,-29.999999999998295,sl,5,ASIA,2026-06-29
IFB_0022,emapmo_normal,short,2026-06-29T07:35:00+00:00,2026-06-29T07:35:00+00:00,67.31,67.23,67.39,67.23,44.19999999999898,47.99999999999898,tp,0,EURO,2026-06-29
IFB_0022,emapmo_normal,short,2026-06-30T00:05:00+00:00,2026-06-30T00:35:00+00:00,68.61,68.46000000000001,68.76,68.46000000000001,86.19999999999489,89.99999999999488,tp,6,ASIA,2026-06-30
IFB_0022,emapmo_normal,long,2026-06-30T11:00:00+00:00,2026-06-30T11:05:00+00:00,66.34,66.27,66.27,66.41,-45.80000000000443,-42.000000000004434,sl,1,EURO,2026-06-30
IFB_0022,emapmo_normal,long,2026-06-30T12:00:00+00:00,2026-06-30T12:05:00+00:00,66.17,66.09,66.09,66.25,-51.799999999998974,-47.99999999999898,sl,1,PRE,2026-06-30
IFB_0022,emapmo_normal,long,2026-07-01T11:00:00+00:00,2026-07-01T11:10:00+00:00,64.86,64.92,64.8,64.92,32.20000000000137,36.000000000001364,tp,2,EURO,2026-07-01
IFB_0022,emapmo_normal,short,2026-07-02T03:35:00+00:00,2026-07-02T03:35:00+00:00,65.49,65.53,65.53,65.45,-27.800000000003752,-24.00000000000375,sl,0,ASIA,2026-07-02
IFB_0022,emapmo_normal,short,2026-07-02T04:45:00+00:00,2026-07-02T05:00:00+00:00,65.55,65.58,65.58,65.52,-21.800000000000683,-18.000000000000682,sl,3,ASIA,2026-07-02
IFB_0022,emapmo_normal,short,2026-07-02T15:10:00+00:00,2026-07-02T15:25:00+00:00,65.37,65.24,65.5,65.24,74.2000000000058,78.0000000000058,tp,3,RTH,2026-07-02
IFB_0022,emapmo_normal,short,2026-07-06T03:30:00+00:00,2026-07-06T03:35:00+00:00,66.38,66.34,66.42,66.34,20.199999999995224,23.999999999995225,tp,1,ASIA,2026-07-06
IFB_0022,emapmo_normal,short,2026-07-06T06:35:00+00:00,2026-07-06T06:35:00+00:00,66.55,66.49,66.61,66.49,32.20000000000137,36.000000000001364,tp,0,ASIA,2026-07-06
IFB_0022,emapmo_normal,short,2026-07-06T10:05:00+00:00,2026-07-06T10:15:00+00:00,66.74,66.67,66.81,66.67,38.19999999999591,41.99999999999591,tp,2,EURO,2026-07-06
