signal_family,group,signals,h1_direction_acc,h1_avg_ret_points,h1_peak_capture_rate,h1_wrong_short_right_long_rate,h3_direction_acc,h3_avg_ret_points,h3_peak_capture_rate,h3_wrong_short_right_long_rate,h6_direction_acc,h6_avg_ret_points,h6_peak_capture_rate,h6_wrong_short_right_long_rate,h12_direction_acc,h12_avg_ret_points,h12_peak_capture_rate,h12_wrong_short_right_long_rate,h24_direction_acc,h24_avg_ret_points,h24_peak_capture_rate,h24_wrong_short_right_long_rate,h48_direction_acc,h48_avg_ret_points,h48_peak_capture_rate,h48_wrong_short_right_long_rate,side,session,cluster_kind,week,month
emapmo,signal_family,828,0.4964,1.452,0.1993,0.0,0.5036,3.1247,0.2585,0.1437,0.4964,4.5861,0.2464,0.1558,0.4722,5.5471,0.1944,0.1341,0.4601,10.1286,0.1546,0.1171,0.4976,18.5377,0.122,0.163,,,,,
icefishball,signal_family,776,0.4832,0.0496,0.1856,0.0,0.4536,-2.9343,0.2113,0.1147,0.5,-3.0393,0.201,0.1662,0.4523,-4.905,0.1662,0.1585,0.4626,-8.0989,0.1134,0.1379,0.4768,-0.1469,0.0825,0.1611,,,,,
momentum_reversion,signal_family,194,0.5258,1.1959,0.2474,0.0,0.5309,1.6946,0.299,0.1082,0.5412,1.6443,0.268,0.1392,0.4588,-2.9704,0.1856,0.1392,0.433,-7.3157,0.1289,0.0928,0.4588,-7.2912,0.1186,0.1546,,,,,
emapmo,signal_family+side,186,0.5215,7.6183,0.1989,0.0,0.5323,17.1344,0.2849,0.1559,0.586,24.9046,0.2957,0.2043,0.5806,34.6169,0.2742,0.1559,0.6129,64.5134,0.2366,0.1344,0.7097,95.1815,0.2312,0.2151,long,,,,
emapmo,signal_family+side,642,0.4891,-0.3345,0.1994,0.0,0.4953,-0.9342,0.2508,0.1402,0.4704,-1.3006,0.2321,0.1417,0.4408,-2.875,0.1713,0.1277,0.4159,-5.6277,0.1308,0.1121,0.4361,-3.6674,0.0903,0.148,short,,,,
icefishball,signal_family+side,297,0.4848,-1.3476,0.1785,0.0,0.4343,-4.1768,0.165,0.1111,0.4848,-7.7626,0.1616,0.1582,0.431,-14.8645,0.138,0.1549,0.4747,-22.3805,0.1178,0.1347,0.5152,-14.1322,0.0909,0.1717,long,,,,
icefishball,signal_family+side,479,0.4823,0.916,0.19,0.0,0.4656,-2.1639,0.2401,0.1169,0.5094,-0.1106,0.2255,0.1712,0.4656,1.2704,0.1837,0.1608,0.4551,0.7563,0.1106,0.1399,0.453,8.5245,0.0772,0.1545,short,,,,
momentum_reversion,signal_family+side,94,0.5532,-0.3378,0.2979,0.0,0.5745,-0.1968,0.3085,0.1064,0.5638,-0.2739,0.2553,0.1489,0.5106,-0.3298,0.1596,0.1809,0.4787,7.8085,0.117,0.1064,0.5851,22.2394,0.1064,0.1809,long,,,,
momentum_reversion,signal_family+side,100,0.5,2.6375,0.2,0.0,0.49,3.4725,0.29,0.11,0.52,3.4475,0.28,0.13,0.41,-5.4525,0.21,0.1,0.39,-21.5325,0.14,0.08,0.34,-35.05,0.13,0.13,short,,,,
emapmo,signal_family+session,59,0.4915,2.839,0.1695,0.0,0.5932,12.3008,0.2712,0.1695,0.6102,24.0,0.322,0.2034,0.5763,20.5169,0.2881,0.1186,0.5593,28.5466,0.2712,0.0508,0.5593,55.9576,0.2712,0.0508,,AH,,,
emapmo,signal_family+session,286,0.4965,2.5341,0.2133,0.0,0.528,4.3531,0.2692,0.1503,0.472,3.2614,0.2448,0.1434,0.4545,8.5734,0.1993,0.1329,0.5385,29.7386,0.1643,0.1748,0.5245,44.1862,0.1503,0.1818,,ASIA,,,
emapmo,signal_family+session,67,0.6119,3.0224,0.209,0.0,0.5672,3.2612,0.3284,0.1194,0.5821,3.6231,0.2836,0.1194,0.5075,-10.7537,0.2388,0.1045,0.4478,-16.3396,0.0896,0.1493,0.4328,-7.7761,0.0597,0.209,,EURO,,,
emapmo,signal_family+session,24,0.625,11.5833,0.4583,0.0,0.6667,22.7083,0.5417,0.125,0.9167,47.2708,0.5417,0.3333,0.9583,72.1562,0.5417,0.25,0.7083,51.9792,0.5417,0.0,0.2083,-74.2188,0.1667,0.0,,PRE,,,
emapmo,signal_family+session,392,0.4694,-0.4349,0.176,0.0,0.4515,-0.375,0.2194,0.1403,0.4566,0.1818,0.2117,0.1531,0.4337,-0.206,0.148,0.1352,0.375,-4.9892,0.1173,0.0867,0.4974,4.3693,0.0867,0.1684,,RTH,,,
icefishball,signal_family+session,35,0.4571,-1.8929,0.0571,0.0,0.3714,-7.8143,0.0857,0.0571,0.4,-9.5143,0.0857,0.0857,0.4571,-13.4714,0.1429,0.1714,0.4857,-24.0857,0.1429,0.0857,0.5143,-16.9643,0.1143,0.1143,,AH,,,
icefishball,signal_family+session,314,0.4331,-1.5295,0.1624,0.0,0.4427,-3.2086,0.1975,0.1401,0.4682,-4.2452,0.1783,0.1911,0.3981,-8.0143,0.1465,0.121,0.449,-8.2699,0.1083,0.1624,0.4618,-6.6951,0.0764,0.1815,,ASIA,,,
icefishball,signal_family+session,133,0.5714,1.3853,0.2481,0.0,0.4361,-3.735,0.2556,0.0752,0.5789,1.547,0.218,0.1579,0.5038,-3.7444,0.1654,0.2481,0.5113,5.0526,0.0977,0.1278,0.5639,14.1335,0.0677,0.188,,EURO,,,
icefishball,signal_family+session,78,0.4615,2.8974,0.2179,0.0,0.5256,1.9038,0.2308,0.141,0.5128,-1.6859,0.1923,0.1795,0.5128,2.8141,0.1282,0.1667,0.4615,6.7596,0.0769,0.1538,0.4359,-4.5353,0.0641,0.2051,,PRE,,,
icefishball,signal_family+session,216,0.5139,0.809,0.1898,0.0,0.4676,-2.9988,0.2176,0.1019,0.5093,-3.5498,0.2454,0.1435,0.4769,-2.4988,0.213,0.1528,0.4491,-18.7234,0.1389,0.1111,0.4537,4.8889,0.1019,0.1065,,RTH,,,
momentum_reversion,signal_family+session,2,1.0,18.125,0.0,0.0,1.0,7.375,1.0,0.0,1.0,9.5,0.5,0.0,0.0,-26.125,0.0,0.0,0.5,2.125,0.0,0.0,0.5,-21.875,0.0,0.5,,AH,,,
momentum_reversion,signal_family+session,124,0.4677,-5.3206,0.1935,0.0,0.4355,-6.8569,0.2339,0.0726,0.4919,-3.7379,0.2258,0.121,0.4516,-9.1673,0.1371,0.1855,0.3871,-16.9496,0.0806,0.0968,0.4355,-10.5262,0.0806,0.129,,ASIA,,,
momentum_reversion,signal_family+session,20,0.5,4.3,0.25,0.0,0.65,9.625,0.3,0.25,0.8,24.4,0.4,0.4,0.6,33.3375,0.4,0.05,0.7,40.575,0.4,0.05,0.6,-1.0375,0.35,0.1,,EURO,,,
momentum_reversion,signal_family+session,11,0.7273,5.0682,0.0909,0.0,0.5455,-4.4318,0.1818,0.0909,0.1818,-26.6591,0.0909,0.0,0.0,-63.0909,0.0,0.0,0.5455,33.9318,0.0,0.3636,0.9091,104.9773,0.0,0.9091,,PRE,,,
momentum_reversion,signal_family+session,37,0.6486,19.2905,0.4865,0.0,0.7568,27.5811,0.5135,0.1622,0.6486,15.3716,0.3784,0.1081,0.5676,17.2973,0.2973,0.0811,0.4054,-13.6892,0.1892,0.027,0.3243,-32.4189,0.1622,0.027,,RTH,,,
emapmo,signal_family+cluster_kind,3,0.6667,20.5833,0.6667,0.0,1.0,8.25,0.6667,0.3333,0.6667,11.3333,0.3333,0.0,0.3333,9.5833,0.3333,0.0,0.6667,4.4167,0.3333,0.0,0.0,-69.1667,0.0,0.0,,,all3_mixed,,
emapmo,signal_family+cluster_kind,95,0.5158,2.2526,0.2737,0.0,0.4842,5.9921,0.3158,0.1263,0.4737,9.2842,0.2842,0.1579,0.5158,15.6079,0.2421,0.1684,0.5789,36.7816,0.2211,0.1789,0.6,58.8974,0.1789,0.2105,,,mixed,,
emapmo,signal_family+cluster_kind,708,0.5,1.9251,0.1921,0.0,0.5113,3.4778,0.2556,0.1455,0.4972,3.4866,0.2472,0.1511,0.4675,3.8393,0.1921,0.1243,0.4477,7.0784,0.1483,0.1116,0.4873,13.3761,0.1172,0.1582,,,same_family,,
emapmo,signal_family+cluster_kind,22,0.2727,-19.8409,0.0455,0.0,0.2727,-21.3182,0.0455,0.1364,0.5455,18.7614,0.0455,0.3182,0.4545,16.5114,0.0455,0.3182,0.3182,-6.0227,0.0455,0.0455,0.4545,22.3295,0.0455,0.1364,,,solo,,
icefishball,signal_family+cluster_kind,2,0.5,7.0,0.0,0.0,0.5,-2.5,0.0,0.5,0.5,-17.125,0.0,0.0,0.5,-8.5,0.0,0.5,0.5,-0.375,0.0,0.0,1.0,90.125,0.0,0.5,,,all3_mixed,,
icefishball,signal_family+cluster_kind,41,0.4878,1.4573,0.1951,0.0,0.4634,3.5366,0.2439,0.0732,0.4878,5.9573,0.1707,0.1463,0.4146,-0.5183,0.122,0.122,0.3415,-14.6829,0.122,0.0488,0.4146,10.1463,0.122,0.0976,,,mixed,,
icefishball,signal_family+cluster_kind,282,0.4149,-4.6658,0.117,0.0,0.4007,-10.7535,0.1277,0.1454,0.4894,-7.75,0.1454,0.2021,0.4504,-8.0115,0.1454,0.1809,0.4468,-15.3422,0.1028,0.1596,0.4716,-11.6959,0.0709,0.1809,,,same_family,,
icefishball,signal_family+cluster_kind,451,0.5255,2.8392,0.2284,0.0,0.4856,1.3647,0.2616,0.0976,0.5078,-0.8492,0.2395,0.1463,0.4568,-3.3453,0.184,0.1463,0.4834,-3.0055,0.1197,0.133,0.4834,5.7384,0.0865,0.153,,,solo,,
momentum_reversion,signal_family+cluster_kind,3,0.0,-32.4167,0.0,0.0,0.3333,-3.5833,0.0,0.3333,0.0,-29.0833,0.0,0.0,0.3333,-48.9167,0.0,0.3333,0.0,-16.0,0.0,0.0,1.0,78.25,0.0,0.6667,,,all3_mixed,,
momentum_reversion,signal_family+cluster_kind,72,0.5139,1.6944,0.25,0.0,0.5417,2.3715,0.2639,0.1389,0.5417,0.9097,0.2083,0.1667,0.4167,-12.2188,0.1111,0.1528,0.3194,-31.6979,0.0694,0.0278,0.3889,-27.7674,0.0694,0.1389,,,mixed,,
momentum_reversion,signal_family+cluster_kind,55,0.4727,-0.4136,0.2182,0.0,0.3818,-7.0409,0.2545,0.0364,0.4364,-10.6909,0.2364,0.0909,0.4182,-8.2227,0.1818,0.1091,0.4545,-4.5727,0.0909,0.1455,0.4364,-16.7273,0.0727,0.1273,,,same_family,,
momentum_reversion,signal_family+cluster_kind,64,0.6094,3.5938,0.2812,0.0,0.6562,8.6875,0.3906,0.125,0.6562,14.5117,0.375,0.1562,0.5469,14.1016,0.2812,0.1406,0.5625,18.1641,0.2344,0.125,0.5312,19.8438,0.2188,0.1719,,,solo,,
emapmo,signal_family+week,48,0.5,1.7188,0.2917,0.0,0.4792,1.3854,0.3333,0.0625,0.5417,6.0573,0.3125,0.1875,0.4792,3.2604,0.2083,0.1458,0.3542,-7.5052,0.1875,0.0625,0.5,-17.2292,0.0833,0.3125,,,,2026-W17,
emapmo,signal_family+week,68,0.4559,-0.3272,0.2353,0.0,0.5735,-0.1324,0.3235,0.1912,0.5441,3.2132,0.3235,0.1912,0.5294,12.6801,0.1912,0.1618,0.5882,48.1066,0.1176,0.1912,0.5882,99.9007,0.1176,0.2353,,,,2026-W18,
emapmo,signal_family+week,89,0.4494,0.7022,0.1685,0.0,0.4382,1.0758,0.2584,0.1461,0.4607,3.309,0.2697,0.1573,0.4607,4.3315,0.236,0.1461,0.3371,-14.2051,0.2022,0.0337,0.2921,-46.2135,0.1461,0.0449,,,,2026-W19,
emapmo,signal_family+week,66,0.5455,5.4848,0.3182,0.0,0.5455,5.7348,0.3333,0.1212,0.5303,6.7955,0.2879,0.1212,0.4242,5.5379,0.197,0.1515,0.4242,3.0114,0.1818,0.0909,0.5303,22.7538,0.1667,0.2121,,,,2026-W20,
emapmo,signal_family+week,41,0.6098,6.6341,0.1951,0.0,0.5122,10.7134,0.2439,0.1463,0.5122,9.2012,0.1951,0.122,0.439,13.6463,0.1951,0.0732,0.6098,16.3963,0.0976,0.2195,0.2439,-26.0793,0.0244,0.0976,,,,2026-W21,
emapmo,signal_family+week,65,0.4462,-0.9154,0.2154,0.0,0.4769,-2.2769,0.2462,0.1385,0.4308,-6.2231,0.2154,0.1538,0.3846,-13.6,0.1077,0.1077,0.2769,-22.0423,0.0615,0.0615,0.2462,-38.3154,0.0,0.0615,,,,2026-W22,
emapmo,signal_family+week,38,0.5,-8.1776,0.2632,0.0,0.4211,-20.1974,0.2368,0.1053,0.4211,-44.1053,0.2105,0.1053,0.4474,-68.5921,0.2105,0.0789,0.5263,-21.9276,0.2105,0.1579,0.6842,26.9737,0.2105,0.2368,,,,2026-W23,
emapmo,signal_family+week,121,0.4959,-1.3161,0.1405,0.0,0.5041,-0.376,0.2066,0.124,0.4711,-0.8843,0.1983,0.1653,0.4545,-0.0517,0.157,0.157,0.4298,9.5992,0.1322,0.1157,0.5124,51.8492,0.1322,0.157,,,,2026-W24,
emapmo,signal_family+week,89,0.4719,-1.4382,0.1348,0.0,0.5056,-0.9579,0.2135,0.1573,0.4831,3.2275,0.2022,0.1573,0.4719,0.9635,0.2022,0.1124,0.3483,-11.7837,0.1573,0.0449,0.5169,4.1854,0.1348,0.0899,,,,2026-W25,
emapmo,signal_family+week,99,0.5455,13.6515,0.2323,0.0,0.5859,31.3914,0.3232,0.1515,0.6162,49.7626,0.3333,0.1919,0.6162,60.5303,0.2929,0.1212,0.6465,75.4318,0.2323,0.1414,0.6465,54.5707,0.2121,0.1616,,,,2026-W26,
emapmo,signal_family+week,97,0.4639,-3.549,0.1443,0.0,0.4433,-5.6134,0.1753,0.1856,0.4021,-11.0387,0.1546,0.1237,0.3918,-10.9588,0.1134,0.1443,0.5052,2.0696,0.0825,0.2165,0.5773,20.6649,0.0619,0.268,,,,2026-W27,
emapmo,signal_family+week,7,0.8571,13.6786,0.1429,0.0,0.7143,14.1786,0.4286,0.1429,1.0,30.3214,0.5714,0.1429,1.0,106.4643,0.5714,0.2857,1.0,50.5,0.5714,0.0,1.0,67.9643,0.1429,0.0,,,,2026-W28,
icefishball,signal_family+week,2,1.0,16.625,0.0,0.0,1.0,14.0,0.5,0.0,1.0,15.25,0.5,0.0,1.0,48.875,1.0,0.0,0.0,-21.0,0.0,0.0,0.0,-18.5,0.0,0.0,,,,2026-W16,
icefishball,signal_family+week,57,0.5263,2.8684,0.1579,0.0,0.5088,-0.25,0.2281,0.1053,0.5439,2.807,0.2281,0.193,0.5439,-2.9474,0.1754,0.193,0.4912,4.0439,0.1053,0.0877,0.5614,27.3596,0.0877,0.1228,,,,2026-W17,
icefishball,signal_family+week,78,0.4487,-4.3365,0.141,0.0,0.3974,-5.0449,0.1795,0.1026,0.4487,-6.2692,0.1667,0.1538,0.4231,-6.0705,0.141,0.1667,0.359,-17.6378,0.0769,0.1026,0.4872,2.4071,0.0769,0.1795,,,,2026-W18,
icefishball,signal_family+week,59,0.4576,-1.428,0.2034,0.0,0.4576,-2.7839,0.2712,0.1186,0.4068,-12.3051,0.1695,0.1186,0.3898,-13.4873,0.1356,0.1356,0.4746,2.822,0.1186,0.2542,0.4407,5.8432,0.0678,0.2203,,,,2026-W19,
icefishball,signal_family+week,60,0.4667,-1.05,0.1667,0.0,0.5167,2.8792,0.15,0.15,0.5167,-0.45,0.1833,0.1667,0.5167,-1.7542,0.1333,0.15,0.5667,12.2792,0.1167,0.15,0.55,-3.375,0.1,0.1333,,,,2026-W20,
icefishball,signal_family+week,62,0.629,12.2056,0.2903,0.0,0.5968,12.6371,0.2903,0.0806,0.6935,22.6371,0.3065,0.1613,0.5484,16.2863,0.2419,0.1774,0.5968,43.0806,0.2258,0.1129,0.6129,66.5565,0.1613,0.1613,,,,2026-W21,
icefishball,signal_family+week,77,0.4675,-1.5714,0.1818,0.0,0.5195,-2.0032,0.2208,0.1429,0.6494,0.487,0.2208,0.2468,0.5195,-0.9643,0.1948,0.1818,0.4026,-20.3312,0.1169,0.0909,0.3766,-29.0779,0.0909,0.1039,,,,2026-W22,
icefishball,signal_family+week,88,0.4773,-0.5483,0.2045,0.0,0.4091,-6.8608,0.2045,0.125,0.4432,-16.5966,0.2045,0.1364,0.3182,-25.696,0.1477,0.0795,0.375,-52.625,0.0795,0.0795,0.3068,-55.767,0.0341,0.0909,,,,2026-W23,
icefishball,signal_family+week,69,0.5507,3.5435,0.2174,0.0,0.4348,-10.1522,0.2174,0.0725,0.4638,-9.1341,0.2319,0.1159,0.4783,-18.029,0.1884,0.2319,0.3768,-66.9094,0.1014,0.1159,0.4058,-22.8261,0.0435,0.1159,,,,2026-W24,
icefishball,signal_family+week,66,0.3788,-3.8333,0.1212,0.0,0.3788,-5.7652,0.1212,0.1667,0.3939,-5.1402,0.0909,0.197,0.4242,-3.3295,0.0909,0.1818,0.3485,-16.9962,0.0758,0.0758,0.5455,6.6098,0.0606,0.2273,,,,2026-W25,
icefishball,signal_family+week,97,0.4845,-1.0541,0.1959,0.0,0.4227,-3.75,0.2474,0.1031,0.4742,-4.1469,0.2165,0.1546,0.4639,4.6418,0.2062,0.1649,0.6392,18.4407,0.1546,0.2577,0.567,8.3711,0.1237,0.2062,,,,2026-W26,
icefishball,signal_family+week,52,0.4038,-4.8702,0.1731,0.0,0.3462,-11.25,0.1731,0.0769,0.4231,-2.4135,0.1731,0.1731,0.3654,-4.149,0.1154,0.1154,0.5,22.9087,0.0769,0.2115,0.4423,20.8221,0.0577,0.2308,,,,2026-W27,
icefishball,signal_family+week,9,0.5556,11.5278,0.1111,0.0,0.5556,10.9444,0.2222,0.2222,0.7778,23.3056,0.2222,0.3333,0.4444,21.5,0.2222,0.0,0.3333,31.4722,0.1111,0.0,0.5556,33.0556,0.1111,0.2222,,,,2026-W28,
momentum_reversion,signal_family+week,16,0.6875,-0.7656,0.25,0.0,0.6875,2.4688,0.375,0.0625,0.4375,-3.2969,0.375,0.0625,0.0,-25.2812,0.0,0.0,0.25,-18.1719,0.0,0.125,0.625,27.0312,0.0,0.625,,,,2026-W17,
momentum_reversion,signal_family+week,18,0.6667,-3.0417,0.1667,0.0,0.5,-16.5556,0.3333,0.0,0.4444,-15.7639,0.2778,0.0556,0.2778,-29.2083,0.1667,0.0556,0.3333,-50.6944,0.1667,0.0556,0.3333,-68.2917,0.1667,0.1111,,,,2026-W18,
momentum_reversion,signal_family+week,20,0.5,-1.2375,0.2,0.0,0.55,-1.0,0.2,0.2,0.55,-0.0125,0.2,0.15,0.65,-4.25,0.2,0.15,0.45,5.1375,0.2,0.0,0.9,60.9125,0.2,0.25,,,,2026-W19,
momentum_reversion,signal_family+week,24,0.5833,7.3333,0.4167,0.0,0.6667,13.3021,0.375,0.1667,0.5417,10.2083,0.3333,0.125,0.5833,22.2083,0.2083,0.1667,0.6667,51.8333,0.2083,0.2917,0.6667,51.5729,0.2083,0.1667,,,,2026-W20,
momentum_reversion,signal_family+week,12,0.5833,11.5,0.3333,0.0,0.8333,31.5,0.4167,0.25,0.75,11.0417,0.3333,0.25,0.5,-9.1875,0.3333,0.0,0.5833,9.5,0.1667,0.0833,0.5,-4.625,0.1667,0.0833,,,,2026-W21,
momentum_reversion,signal_family+week,15,0.4667,-1.15,0.0667,0.0,0.3333,-1.45,0.2667,0.0667,0.5333,-0.6833,0.2,0.1333,0.3333,-5.7167,0.1333,0.2,0.1333,-40.8167,0.0667,0.0,0.0667,-51.0333,0.0,0.0667,,,,2026-W22,
momentum_reversion,signal_family+week,22,0.3182,-5.0455,0.0909,0.0,0.3636,-13.0455,0.1364,0.0909,0.4545,-12.375,0.1818,0.1818,0.5,-0.1818,0.2273,0.2273,0.6364,-30.5341,0.1818,0.2727,0.5,-40.8636,0.1818,0.1364,,,,2026-W23,
momentum_reversion,signal_family+week,16,0.6875,14.5469,0.4375,0.0,0.625,17.3438,0.4375,0.0,0.75,30.2812,0.3125,0.125,0.8125,70.0,0.3125,0.25,0.6875,104.0625,0.3125,0.0,0.5625,84.7031,0.25,0.0,,,,2026-W24,
momentum_reversion,signal_family+week,17,0.3529,-6.7206,0.2353,0.0,0.2353,-11.4559,0.2941,0.0588,0.2353,-23.4853,0.1765,0.0,0.3529,-45.8382,0.1765,0.1765,0.0588,-112.9853,0.0,0.0,0.0,-118.0147,0.0,0.0,,,,2026-W25,
momentum_reversion,signal_family+week,19,0.4211,-0.6316,0.1579,0.0,0.5263,7.3421,0.1579,0.1579,0.6316,18.6316,0.2105,0.2105,0.6316,-1.8026,0.2105,0.2105,0.4211,-19.6974,0.0526,0.0,0.3684,13.0921,0.0526,0.0526,,,,2026-W26,
momentum_reversion,signal_family+week,14,0.5714,-0.6071,0.3571,0.0,0.5714,-1.0179,0.3571,0.1429,0.7857,12.6786,0.4286,0.2857,0.2857,-9.6607,0.0714,0.0,0.4286,16.9821,0.0,0.0714,0.3571,-65.6429,0.0,0.2143,,,,2026-W27,
momentum_reversion,signal_family+week,1,1.0,40.0,1.0,0.0,1.0,10.75,1.0,0.0,0.0,-56.0,0.0,0.0,0.0,-65.25,0.0,0.0,0.0,-0.5,0.0,0.0,0.0,-32.5,0.0,0.0,,,,2026-W28,
emapmo,signal_family+month,100,0.48,0.9075,0.25,0.0,0.54,1.7475,0.33,0.13,0.56,7.285,0.32,0.19,0.55,13.87,0.21,0.16,0.52,31.0,0.15,0.14,0.54,57.09,0.1,0.23,,,,,2026-04
emapmo,signal_family+month,277,0.4946,2.1895,0.2274,0.0,0.4874,2.3403,0.2744,0.1408,0.4765,1.7924,0.2527,0.1444,0.4188,0.2103,0.1841,0.1264,0.3827,-7.2744,0.1444,0.0866,0.3502,-21.3493,0.0975,0.1227,,,,,2026-05
emapmo,signal_family+month,413,0.4964,1.4153,0.1743,0.0,0.5061,4.408,0.2349,0.1453,0.4891,6.6598,0.2228,0.155,0.4818,5.9867,0.1985,0.1235,0.477,14.569,0.1598,0.1211,0.569,31.3801,0.1501,0.1622,,,,,2026-06
emapmo,signal_family+month,38,0.5526,-2.0921,0.1316,0.0,0.5,-1.4803,0.2105,0.1842,0.5526,-4.6908,0.2632,0.1579,0.5526,17.7697,0.1842,0.2368,0.6842,33.8026,0.1842,0.2368,0.6842,68.2632,0.0526,0.2895,,,,,2026-07
icefishball,signal_family+month,115,0.4783,-0.7043,0.1391,0.0,0.4435,-3.863,0.2,0.1043,0.4783,-4.1239,0.2,0.1652,0.4435,-8.1022,0.1739,0.1478,0.4,-8.0196,0.1043,0.0957,0.487,12.9326,0.0957,0.1739,,,,,2026-04
icefishball,signal_family+month,280,0.5071,1.5286,0.2071,0.0,0.5214,2.508,0.2321,0.1214,0.575,3.0848,0.2179,0.1786,0.5107,1.5089,0.175,0.175,0.5,6.2277,0.1321,0.1429,0.5,8.0455,0.0964,0.1429,,,,,2026-05
icefishball,signal_family+month,341,0.4692,-1.1254,0.1877,0.0,0.4076,-7.3072,0.2023,0.1144,0.4516,-8.978,0.1906,0.1584,0.4135,-10.5462,0.1584,0.1584,0.4457,-24.5315,0.1026,0.1378,0.4516,-16.5579,0.0674,0.1642,,,,,2026-06
icefishball,signal_family+month,40,0.45,1.8813,0.15,0.0,0.4,-1.0813,0.175,0.1,0.45,7.8375,0.175,0.15,0.4,7.4813,0.15,0.075,0.525,31.475,0.1,0.225,0.5,44.8062,0.075,0.225,,,,,2026-07
momentum_reversion,signal_family+month,34,0.6765,-1.9706,0.2059,0.0,0.5882,-7.6029,0.3529,0.0294,0.4412,-9.8971,0.3235,0.0588,0.1471,-27.3603,0.0882,0.0294,0.2941,-35.3897,0.0882,0.0882,0.4706,-23.4338,0.0882,0.3529,,,,,2026-04
momentum_reversion,signal_family+month,71,0.5352,3.831,0.2676,0.0,0.5915,9.2324,0.3099,0.169,0.5775,5.169,0.2676,0.1549,0.5352,3.5493,0.2113,0.1408,0.4789,11.9507,0.169,0.1127,0.5775,23.0282,0.1549,0.1549,,,,,2026-05
momentum_reversion,signal_family+month,80,0.4375,-1.0781,0.2125,0.0,0.45,-1.6062,0.25,0.0875,0.525,1.7719,0.2375,0.1375,0.5375,1.975,0.225,0.2,0.4375,-15.5969,0.125,0.0875,0.375,-12.2937,0.1125,0.0875,,,,,2026-06
momentum_reversion,signal_family+month,9,0.6667,12.5833,0.5556,0.0,0.5556,6.6944,0.4444,0.1111,0.7778,16.3056,0.3333,0.3333,0.3333,-6.2222,0.0,0.0,0.5556,20.3611,0.0,0.0,0.2222,-141.0278,0.0,0.0,,,,,2026-07
