config_id,signal_family,side_mode,sl_rule,tp_rule,sl_value,tp_value,max_hold_bars,trades,pnl,profit_factor,win_rate,expectancy,max_dd,total_gain,total_loss,wf_folds,wf_positive,wf_all_positive,wf_pnls,day_positive_rate,week_positive_rate,month_positive_rate,week_std_pnl
X00173,icefishball,long_only,atr,atr,2.5,4.0,24,2,508.52,999.0,1.0,254.26,0.0,508.52,0.0,2,2,True,"[228.26, 280.26]",1.0,1.0,1.0,0.0
X00182,icefishball,long_only,atr_blend,atr_blend,2.5,4.0,24,2,447.02,999.0,1.0,223.51,0.0,447.02,0.0,2,2,True,"[210.26, 236.76]",1.0,1.0,1.0,0.0
X00142,icefishball,long_only,atr,atr,2.5,4.0,12,2,391.52,999.0,1.0,195.76,0.0,391.52,0.0,2,2,True,"[228.26, 163.26]",1.0,1.0,1.0,0.0
X00111,icefishball,long_only,atr,atr,2.5,4.0,6,2,384.52,999.0,1.0,192.26,0.0,384.52,0.0,2,2,True,"[228.26, 156.26]",1.0,1.0,1.0,0.0
X00151,icefishball,long_only,atr_blend,atr_blend,2.5,4.0,12,2,373.52,999.0,1.0,186.76,0.0,373.52,0.0,2,2,True,"[210.26, 163.26]",1.0,1.0,1.0,0.0
X00120,icefishball,long_only,atr_blend,atr_blend,2.5,4.0,6,2,366.52,999.0,1.0,183.26,0.0,366.52,0.0,2,2,True,"[210.26, 156.26]",1.0,1.0,1.0,0.0
X00119,icefishball,long_only,atr_blend,atr_blend,2.5,2.0,6,2,265.02,999.0,1.0,132.51,0.0,265.02,0.0,2,2,True,"[104.76, 160.26]",1.0,1.0,1.0,0.0
X00150,icefishball,long_only,atr_blend,atr_blend,2.5,2.0,12,2,265.02,999.0,1.0,132.51,0.0,265.02,0.0,2,2,True,"[104.76, 160.26]",1.0,1.0,1.0,0.0
X00181,icefishball,long_only,atr_blend,atr_blend,2.5,2.0,24,2,265.02,999.0,1.0,132.51,0.0,265.02,0.0,2,2,True,"[104.76, 160.26]",1.0,1.0,1.0,0.0
X00110,icefishball,long_only,atr,atr,2.5,2.0,6,2,252.52,999.0,1.0,126.26,0.0,252.52,0.0,2,2,True,"[113.26, 139.26]",1.0,1.0,1.0,0.0
X00141,icefishball,long_only,atr,atr,2.5,2.0,12,2,252.52,999.0,1.0,126.26,0.0,252.52,0.0,2,2,True,"[113.26, 139.26]",1.0,1.0,1.0,0.0
X00172,icefishball,long_only,atr,atr,2.5,2.0,24,2,252.52,999.0,1.0,126.26,0.0,252.52,0.0,2,2,True,"[113.26, 139.26]",1.0,1.0,1.0,0.0
X00256,icefishball,short_only,fixed,fixed,60.0,60.0,24,4,475.04,999.0,1.0,118.76,0.0,475.04,0.0,3,3,True,"[237.52, 118.76, 118.76]",1.0,1.0,1.0,0.0
X00227,icefishball,short_only,atr,atr,1.0,1.0,12,4,380.54,999.0,1.0,95.135,0.0,380.54,0.0,3,3,True,"[157.52, 145.76, 77.26]",1.0,1.0,1.0,0.0
X00230,icefishball,short_only,atr,atr,1.5,1.0,12,4,380.54,999.0,1.0,95.135,0.0,380.54,0.0,3,3,True,"[157.52, 145.76, 77.26]",1.0,1.0,1.0,0.0
X00233,icefishball,short_only,atr,atr,2.5,1.0,12,4,380.54,999.0,1.0,95.135,0.0,380.54,0.0,3,3,True,"[157.52, 145.76, 77.26]",1.0,1.0,1.0,0.0
X00258,icefishball,short_only,atr,atr,1.0,1.0,24,4,380.54,999.0,1.0,95.135,0.0,380.54,0.0,3,3,True,"[157.52, 145.76, 77.26]",1.0,1.0,1.0,0.0
X00261,icefishball,short_only,atr,atr,1.5,1.0,24,4,380.54,999.0,1.0,95.135,0.0,380.54,0.0,3,3,True,"[157.52, 145.76, 77.26]",1.0,1.0,1.0,0.0
X00264,icefishball,short_only,atr,atr,2.5,1.0,24,4,380.54,999.0,1.0,95.135,0.0,380.54,0.0,3,3,True,"[157.52, 145.76, 77.26]",1.0,1.0,1.0,0.0
X00047,icefishball,all,atr,atr,2.5,1.0,12,6,506.06,999.0,1.0,84.3433,0.0,506.06,0.0,3,3,True,"[101.52, 258.02, 146.52]",1.0,1.0,1.0,0.0
X00078,icefishball,all,atr,atr,2.5,1.0,24,6,506.06,999.0,1.0,84.3433,0.0,506.06,0.0,3,3,True,"[101.52, 258.02, 146.52]",1.0,1.0,1.0,0.0
X00236,icefishball,short_only,atr_blend,atr_blend,1.0,1.0,12,4,331.04,999.0,1.0,82.76,0.0,331.04,0.0,3,3,True,"[136.52, 110.26, 84.26]",1.0,1.0,1.0,0.0
X00239,icefishball,short_only,atr_blend,atr_blend,1.5,1.0,12,4,331.04,999.0,1.0,82.76,0.0,331.04,0.0,3,3,True,"[136.52, 110.26, 84.26]",1.0,1.0,1.0,0.0
X00242,icefishball,short_only,atr_blend,atr_blend,2.5,1.0,12,4,331.04,999.0,1.0,82.76,0.0,331.04,0.0,3,3,True,"[136.52, 110.26, 84.26]",1.0,1.0,1.0,0.0
X00267,icefishball,short_only,atr_blend,atr_blend,1.0,1.0,24,4,331.04,999.0,1.0,82.76,0.0,331.04,0.0,3,3,True,"[136.52, 110.26, 84.26]",1.0,1.0,1.0,0.0
X00270,icefishball,short_only,atr_blend,atr_blend,1.5,1.0,24,4,331.04,999.0,1.0,82.76,0.0,331.04,0.0,3,3,True,"[136.52, 110.26, 84.26]",1.0,1.0,1.0,0.0
X00273,icefishball,short_only,atr_blend,atr_blend,2.5,1.0,24,4,331.04,999.0,1.0,82.76,0.0,331.04,0.0,3,3,True,"[136.52, 110.26, 84.26]",1.0,1.0,1.0,0.0
X00056,icefishball,all,atr_blend,atr_blend,2.5,1.0,12,6,462.06,999.0,1.0,77.01,0.0,462.06,0.0,3,3,True,"[99.52, 199.02, 163.52]",1.0,1.0,1.0,0.0
X00087,icefishball,all,atr_blend,atr_blend,2.5,1.0,24,6,462.06,999.0,1.0,77.01,0.0,462.06,0.0,3,3,True,"[99.52, 199.02, 163.52]",1.0,1.0,1.0,0.0
X00298,momentum_reversion,all,atr_blend,atr_blend,1.0,1.0,6,1,76.26,999.0,1.0,76.26,0.0,76.26,0.0,1,1,True,[76.26],1.0,1.0,1.0,0.0
X00301,momentum_reversion,all,atr_blend,atr_blend,1.5,1.0,6,1,76.26,999.0,1.0,76.26,0.0,76.26,0.0,1,1,True,[76.26],1.0,1.0,1.0,0.0
X00304,momentum_reversion,all,atr_blend,atr_blend,2.5,1.0,6,1,76.26,999.0,1.0,76.26,0.0,76.26,0.0,1,1,True,[76.26],1.0,1.0,1.0,0.0
X00329,momentum_reversion,all,atr_blend,atr_blend,1.0,1.0,12,1,76.26,999.0,1.0,76.26,0.0,76.26,0.0,1,1,True,[76.26],1.0,1.0,1.0,0.0
X00332,momentum_reversion,all,atr_blend,atr_blend,1.5,1.0,12,1,76.26,999.0,1.0,76.26,0.0,76.26,0.0,1,1,True,[76.26],1.0,1.0,1.0,0.0
X00335,momentum_reversion,all,atr_blend,atr_blend,2.5,1.0,12,1,76.26,999.0,1.0,76.26,0.0,76.26,0.0,1,1,True,[76.26],1.0,1.0,1.0,0.0
X00360,momentum_reversion,all,atr_blend,atr_blend,1.0,1.0,24,1,76.26,999.0,1.0,76.26,0.0,76.26,0.0,1,1,True,[76.26],1.0,1.0,1.0,0.0
X00363,momentum_reversion,all,atr_blend,atr_blend,1.5,1.0,24,1,76.26,999.0,1.0,76.26,0.0,76.26,0.0,1,1,True,[76.26],1.0,1.0,1.0,0.0
X00366,momentum_reversion,all,atr_blend,atr_blend,2.5,1.0,24,1,76.26,999.0,1.0,76.26,0.0,76.26,0.0,1,1,True,[76.26],1.0,1.0,1.0,0.0
X00391,momentum_reversion,long_only,atr_blend,atr_blend,1.0,1.0,6,1,76.26,999.0,1.0,76.26,0.0,76.26,0.0,1,1,True,[76.26],1.0,1.0,1.0,0.0
X00394,momentum_reversion,long_only,atr_blend,atr_blend,1.5,1.0,6,1,76.26,999.0,1.0,76.26,0.0,76.26,0.0,1,1,True,[76.26],1.0,1.0,1.0,0.0
X00397,momentum_reversion,long_only,atr_blend,atr_blend,2.5,1.0,6,1,76.26,999.0,1.0,76.26,0.0,76.26,0.0,1,1,True,[76.26],1.0,1.0,1.0,0.0
X00422,momentum_reversion,long_only,atr_blend,atr_blend,1.0,1.0,12,1,76.26,999.0,1.0,76.26,0.0,76.26,0.0,1,1,True,[76.26],1.0,1.0,1.0,0.0
X00425,momentum_reversion,long_only,atr_blend,atr_blend,1.5,1.0,12,1,76.26,999.0,1.0,76.26,0.0,76.26,0.0,1,1,True,[76.26],1.0,1.0,1.0,0.0
X00428,momentum_reversion,long_only,atr_blend,atr_blend,2.5,1.0,12,1,76.26,999.0,1.0,76.26,0.0,76.26,0.0,1,1,True,[76.26],1.0,1.0,1.0,0.0
X00453,momentum_reversion,long_only,atr_blend,atr_blend,1.0,1.0,24,1,76.26,999.0,1.0,76.26,0.0,76.26,0.0,1,1,True,[76.26],1.0,1.0,1.0,0.0
X00456,momentum_reversion,long_only,atr_blend,atr_blend,1.5,1.0,24,1,76.26,999.0,1.0,76.26,0.0,76.26,0.0,1,1,True,[76.26],1.0,1.0,1.0,0.0
X00459,momentum_reversion,long_only,atr_blend,atr_blend,2.5,1.0,24,1,76.26,999.0,1.0,76.26,0.0,76.26,0.0,1,1,True,[76.26],1.0,1.0,1.0,0.0
X00118,icefishball,long_only,atr_blend,atr_blend,2.5,1.0,6,2,131.02,999.0,1.0,65.51,0.0,131.02,0.0,2,2,True,"[51.76, 79.26]",1.0,1.0,1.0,0.0
X00149,icefishball,long_only,atr_blend,atr_blend,2.5,1.0,12,2,131.02,999.0,1.0,65.51,0.0,131.02,0.0,2,2,True,"[51.76, 79.26]",1.0,1.0,1.0,0.0
X00180,icefishball,long_only,atr_blend,atr_blend,2.5,1.0,24,2,131.02,999.0,1.0,65.51,0.0,131.02,0.0,2,2,True,"[51.76, 79.26]",1.0,1.0,1.0,0.0
X00109,icefishball,long_only,atr,atr,2.5,1.0,6,2,125.52,999.0,1.0,62.76,0.0,125.52,0.0,2,2,True,"[56.26, 69.26]",1.0,1.0,1.0,0.0
X00140,icefishball,long_only,atr,atr,2.5,1.0,12,2,125.52,999.0,1.0,62.76,0.0,125.52,0.0,2,2,True,"[56.26, 69.26]",1.0,1.0,1.0,0.0
X00171,icefishball,long_only,atr,atr,2.5,1.0,24,2,125.52,999.0,1.0,62.76,0.0,125.52,0.0,2,2,True,"[56.26, 69.26]",1.0,1.0,1.0,0.0
X00289,momentum_reversion,all,atr,atr,1.0,1.0,6,1,59.26,999.0,1.0,59.26,0.0,59.26,0.0,1,1,True,[59.26],1.0,1.0,1.0,0.0
X00292,momentum_reversion,all,atr,atr,1.5,1.0,6,1,59.26,999.0,1.0,59.26,0.0,59.26,0.0,1,1,True,[59.26],1.0,1.0,1.0,0.0
X00295,momentum_reversion,all,atr,atr,2.5,1.0,6,1,59.26,999.0,1.0,59.26,0.0,59.26,0.0,1,1,True,[59.26],1.0,1.0,1.0,0.0
X00320,momentum_reversion,all,atr,atr,1.0,1.0,12,1,59.26,999.0,1.0,59.26,0.0,59.26,0.0,1,1,True,[59.26],1.0,1.0,1.0,0.0
X00323,momentum_reversion,all,atr,atr,1.5,1.0,12,1,59.26,999.0,1.0,59.26,0.0,59.26,0.0,1,1,True,[59.26],1.0,1.0,1.0,0.0
X00326,momentum_reversion,all,atr,atr,2.5,1.0,12,1,59.26,999.0,1.0,59.26,0.0,59.26,0.0,1,1,True,[59.26],1.0,1.0,1.0,0.0
X00351,momentum_reversion,all,atr,atr,1.0,1.0,24,1,59.26,999.0,1.0,59.26,0.0,59.26,0.0,1,1,True,[59.26],1.0,1.0,1.0,0.0
X00354,momentum_reversion,all,atr,atr,1.5,1.0,24,1,59.26,999.0,1.0,59.26,0.0,59.26,0.0,1,1,True,[59.26],1.0,1.0,1.0,0.0
X00357,momentum_reversion,all,atr,atr,2.5,1.0,24,1,59.26,999.0,1.0,59.26,0.0,59.26,0.0,1,1,True,[59.26],1.0,1.0,1.0,0.0
X00382,momentum_reversion,long_only,atr,atr,1.0,1.0,6,1,59.26,999.0,1.0,59.26,0.0,59.26,0.0,1,1,True,[59.26],1.0,1.0,1.0,0.0
X00385,momentum_reversion,long_only,atr,atr,1.5,1.0,6,1,59.26,999.0,1.0,59.26,0.0,59.26,0.0,1,1,True,[59.26],1.0,1.0,1.0,0.0
X00388,momentum_reversion,long_only,atr,atr,2.5,1.0,6,1,59.26,999.0,1.0,59.26,0.0,59.26,0.0,1,1,True,[59.26],1.0,1.0,1.0,0.0
X00413,momentum_reversion,long_only,atr,atr,1.0,1.0,12,1,59.26,999.0,1.0,59.26,0.0,59.26,0.0,1,1,True,[59.26],1.0,1.0,1.0,0.0
X00416,momentum_reversion,long_only,atr,atr,1.5,1.0,12,1,59.26,999.0,1.0,59.26,0.0,59.26,0.0,1,1,True,[59.26],1.0,1.0,1.0,0.0
X00419,momentum_reversion,long_only,atr,atr,2.5,1.0,12,1,59.26,999.0,1.0,59.26,0.0,59.26,0.0,1,1,True,[59.26],1.0,1.0,1.0,0.0
X00444,momentum_reversion,long_only,atr,atr,1.0,1.0,24,1,59.26,999.0,1.0,59.26,0.0,59.26,0.0,1,1,True,[59.26],1.0,1.0,1.0,0.0
X00447,momentum_reversion,long_only,atr,atr,1.5,1.0,24,1,59.26,999.0,1.0,59.26,0.0,59.26,0.0,1,1,True,[59.26],1.0,1.0,1.0,0.0
X00450,momentum_reversion,long_only,atr,atr,2.5,1.0,24,1,59.26,999.0,1.0,59.26,0.0,59.26,0.0,1,1,True,[59.26],1.0,1.0,1.0,0.0
X00187,icefishball,short_only,fixed,fixed,20.0,20.0,6,4,155.04,999.0,1.0,38.76,0.0,155.04,0.0,3,3,True,"[77.52, 38.76, 38.76]",1.0,1.0,1.0,0.0
X00190,icefishball,short_only,fixed,fixed,40.0,20.0,6,4,155.04,999.0,1.0,38.76,0.0,155.04,0.0,3,3,True,"[77.52, 38.76, 38.76]",1.0,1.0,1.0,0.0
X00193,icefishball,short_only,fixed,fixed,60.0,20.0,6,4,155.04,999.0,1.0,38.76,0.0,155.04,0.0,3,3,True,"[77.52, 38.76, 38.76]",1.0,1.0,1.0,0.0
X00218,icefishball,short_only,fixed,fixed,20.0,20.0,12,4,155.04,999.0,1.0,38.76,0.0,155.04,0.0,3,3,True,"[77.52, 38.76, 38.76]",1.0,1.0,1.0,0.0
X00221,icefishball,short_only,fixed,fixed,40.0,20.0,12,4,155.04,999.0,1.0,38.76,0.0,155.04,0.0,3,3,True,"[77.52, 38.76, 38.76]",1.0,1.0,1.0,0.0
X00224,icefishball,short_only,fixed,fixed,60.0,20.0,12,4,155.04,999.0,1.0,38.76,0.0,155.04,0.0,3,3,True,"[77.52, 38.76, 38.76]",1.0,1.0,1.0,0.0
X00249,icefishball,short_only,fixed,fixed,20.0,20.0,24,4,155.04,999.0,1.0,38.76,0.0,155.04,0.0,3,3,True,"[77.52, 38.76, 38.76]",1.0,1.0,1.0,0.0
X00252,icefishball,short_only,fixed,fixed,40.0,20.0,24,4,155.04,999.0,1.0,38.76,0.0,155.04,0.0,3,3,True,"[77.52, 38.76, 38.76]",1.0,1.0,1.0,0.0
X00255,icefishball,short_only,fixed,fixed,60.0,20.0,24,4,155.04,999.0,1.0,38.76,0.0,155.04,0.0,3,3,True,"[77.52, 38.76, 38.76]",1.0,1.0,1.0,0.0
X00280,momentum_reversion,all,fixed,fixed,20.0,20.0,6,1,38.76,999.0,1.0,38.76,0.0,38.76,0.0,1,1,True,[38.76],1.0,1.0,1.0,0.0
X00283,momentum_reversion,all,fixed,fixed,40.0,20.0,6,1,38.76,999.0,1.0,38.76,0.0,38.76,0.0,1,1,True,[38.76],1.0,1.0,1.0,0.0
X00286,momentum_reversion,all,fixed,fixed,60.0,20.0,6,1,38.76,999.0,1.0,38.76,0.0,38.76,0.0,1,1,True,[38.76],1.0,1.0,1.0,0.0
X00311,momentum_reversion,all,fixed,fixed,20.0,20.0,12,1,38.76,999.0,1.0,38.76,0.0,38.76,0.0,1,1,True,[38.76],1.0,1.0,1.0,0.0
X00314,momentum_reversion,all,fixed,fixed,40.0,20.0,12,1,38.76,999.0,1.0,38.76,0.0,38.76,0.0,1,1,True,[38.76],1.0,1.0,1.0,0.0
X00317,momentum_reversion,all,fixed,fixed,60.0,20.0,12,1,38.76,999.0,1.0,38.76,0.0,38.76,0.0,1,1,True,[38.76],1.0,1.0,1.0,0.0
X00342,momentum_reversion,all,fixed,fixed,20.0,20.0,24,1,38.76,999.0,1.0,38.76,0.0,38.76,0.0,1,1,True,[38.76],1.0,1.0,1.0,0.0
X00345,momentum_reversion,all,fixed,fixed,40.0,20.0,24,1,38.76,999.0,1.0,38.76,0.0,38.76,0.0,1,1,True,[38.76],1.0,1.0,1.0,0.0
X00348,momentum_reversion,all,fixed,fixed,60.0,20.0,24,1,38.76,999.0,1.0,38.76,0.0,38.76,0.0,1,1,True,[38.76],1.0,1.0,1.0,0.0
X00373,momentum_reversion,long_only,fixed,fixed,20.0,20.0,6,1,38.76,999.0,1.0,38.76,0.0,38.76,0.0,1,1,True,[38.76],1.0,1.0,1.0,0.0
X00376,momentum_reversion,long_only,fixed,fixed,40.0,20.0,6,1,38.76,999.0,1.0,38.76,0.0,38.76,0.0,1,1,True,[38.76],1.0,1.0,1.0,0.0
X00379,momentum_reversion,long_only,fixed,fixed,60.0,20.0,6,1,38.76,999.0,1.0,38.76,0.0,38.76,0.0,1,1,True,[38.76],1.0,1.0,1.0,0.0
X00404,momentum_reversion,long_only,fixed,fixed,20.0,20.0,12,1,38.76,999.0,1.0,38.76,0.0,38.76,0.0,1,1,True,[38.76],1.0,1.0,1.0,0.0
X00407,momentum_reversion,long_only,fixed,fixed,40.0,20.0,12,1,38.76,999.0,1.0,38.76,0.0,38.76,0.0,1,1,True,[38.76],1.0,1.0,1.0,0.0
X00410,momentum_reversion,long_only,fixed,fixed,60.0,20.0,12,1,38.76,999.0,1.0,38.76,0.0,38.76,0.0,1,1,True,[38.76],1.0,1.0,1.0,0.0
X00435,momentum_reversion,long_only,fixed,fixed,20.0,20.0,24,1,38.76,999.0,1.0,38.76,0.0,38.76,0.0,1,1,True,[38.76],1.0,1.0,1.0,0.0
X00438,momentum_reversion,long_only,fixed,fixed,40.0,20.0,24,1,38.76,999.0,1.0,38.76,0.0,38.76,0.0,1,1,True,[38.76],1.0,1.0,1.0,0.0
X00441,momentum_reversion,long_only,fixed,fixed,60.0,20.0,24,1,38.76,999.0,1.0,38.76,0.0,38.76,0.0,1,1,True,[38.76],1.0,1.0,1.0,0.0
X00016,icefishball,all,atr,atr,2.5,1.0,6,6,338.56,16.5731,0.8333,56.4267,21.74,360.3,-21.74,3,3,True,"[101.52, 90.52, 146.52]",1.0,1.0,1.0,0.0
X00025,icefishball,all,atr_blend,atr_blend,2.5,1.0,6,6,330.06,16.1822,0.8333,55.01,21.74,351.8,-21.74,3,3,True,"[99.52, 67.02, 163.52]",1.0,1.0,1.0,0.0
X00225,icefishball,short_only,fixed,fixed,60.0,60.0,12,4,323.04,10.7184,0.75,80.76,33.24,356.28,-33.24,3,3,True,"[85.52, 118.76, 118.76]",1.0,1.0,1.0,0.0
X00018,icefishball,all,atr,atr,2.5,4.0,6,5,419.3,6.0228,0.6,83.86,83.24,502.78,-83.48,3,3,True,"[228.02, 35.02, 156.26]",1.0,1.0,1.0,0.0
X00027,icefishball,all,atr_blend,atr_blend,2.5,4.0,6,5,401.3,5.8071,0.6,80.26,83.24,484.78,-83.48,3,3,True,"[210.02, 35.02, 156.26]",1.0,1.0,1.0,0.0
X00026,icefishball,all,atr_blend,atr_blend,2.5,2.0,6,5,299.8,4.5913,0.6,59.96,83.24,383.28,-83.48,3,3,True,"[104.52, 35.02, 160.26]",1.0,1.0,1.0,0.0
X00017,icefishball,all,atr,atr,2.5,2.0,6,5,287.3,4.4415,0.6,57.46,83.24,370.78,-83.48,3,3,True,"[113.02, 35.02, 139.26]",1.0,1.0,1.0,0.0
X00080,icefishball,all,atr,atr,2.5,4.0,24,5,591.3,3.5823,0.6,118.26,206.74,820.28,-228.98,3,3,True,"[206.02, 105.02, 280.26]",1.0,1.0,1.0,0.0
X00049,icefishball,all,atr,atr,2.5,4.0,12,5,362.8,3.5374,0.6,72.56,109.74,505.78,-142.98,3,3,True,"[195.02, 4.52, 163.26]",1.0,1.0,1.0,0.0
X00058,icefishball,all,atr_blend,atr_blend,2.5,4.0,12,5,344.8,3.4115,0.6,68.96,109.74,487.78,-142.98,3,3,True,"[177.02, 4.52, 163.26]",1.0,1.0,1.0,0.0
X00089,icefishball,all,atr_blend,atr_blend,2.5,4.0,24,5,540.3,3.1744,0.6,108.06,226.24,788.78,-248.48,3,3,True,"[188.02, 115.52, 236.76]",1.0,1.0,1.0,0.0
X00057,icefishball,all,atr_blend,atr_blend,2.5,2.0,12,5,292.3,3.0443,0.6,58.46,109.74,435.28,-142.98,3,3,True,"[71.52, 60.52, 160.26]",1.0,1.0,1.0,0.0
X00067,icefishball,all,fixed,fixed,40.0,60.0,24,6,312.56,2.9237,0.6667,52.0933,81.24,475.04,-162.48,3,3,True,"[37.52, 37.52, 237.52]",1.0,1.0,1.0,0.0
X00048,icefishball,all,atr,atr,2.5,2.0,12,5,264.8,2.852,0.6,52.96,109.74,407.78,-142.98,3,3,True,"[80.02, 45.52, 139.26]",1.0,1.0,1.0,0.0
X00194,icefishball,short_only,fixed,fixed,60.0,60.0,6,4,215.54,10.8062,0.5,53.885,21.74,237.52,-21.98,3,2,False,"[118.52, -21.74, 118.76]",1.0,1.0,1.0,0.0
X00196,icefishball,short_only,atr,atr,1.0,1.0,6,4,213.04,10.7994,0.75,53.26,21.74,234.78,-21.74,3,2,False,"[157.52, -21.74, 77.26]",1.0,1.0,1.0,0.0
X00199,icefishball,short_only,atr,atr,1.5,1.0,6,4,213.04,10.7994,0.75,53.26,21.74,234.78,-21.74,3,2,False,"[157.52, -21.74, 77.26]",1.0,1.0,1.0,0.0
X00202,icefishball,short_only,atr,atr,2.5,1.0,6,4,213.04,10.7994,0.75,53.26,21.74,234.78,-21.74,3,2,False,"[157.52, -21.74, 77.26]",1.0,1.0,1.0,0.0
X00205,icefishball,short_only,atr_blend,atr_blend,1.0,1.0,6,4,199.04,10.1555,0.75,49.76,21.74,220.78,-21.74,3,2,False,"[136.52, -21.74, 84.26]",1.0,1.0,1.0,0.0
X00208,icefishball,short_only,atr_blend,atr_blend,1.5,1.0,6,4,199.04,10.1555,0.75,49.76,21.74,220.78,-21.74,3,2,False,"[136.52, -21.74, 84.26]",1.0,1.0,1.0,0.0
X00211,icefishball,short_only,atr_blend,atr_blend,2.5,1.0,6,4,199.04,10.1555,0.75,49.76,21.74,220.78,-21.74,3,2,False,"[136.52, -21.74, 84.26]",1.0,1.0,1.0,0.0
X00041,icefishball,all,atr,atr,1.0,1.0,12,6,391.06,7.6575,0.8333,65.1767,58.74,449.8,-58.74,3,2,False,"[-13.48, 258.02, 146.52]",1.0,1.0,1.0,0.0
X00072,icefishball,all,atr,atr,1.0,1.0,24,6,391.06,7.6575,0.8333,65.1767,58.74,449.8,-58.74,3,2,False,"[-13.48, 258.02, 146.52]",1.0,1.0,1.0,0.0
X00050,icefishball,all,atr_blend,atr_blend,1.0,1.0,12,6,356.06,7.5645,0.8333,59.3433,54.24,410.3,-54.24,3,2,False,"[-6.48, 199.02, 163.52]",1.0,1.0,1.0,0.0
X00081,icefishball,all,atr_blend,atr_blend,1.0,1.0,24,6,356.06,7.5645,0.8333,59.3433,54.24,410.3,-54.24,3,2,False,"[-6.48, 199.02, 163.52]",1.0,1.0,1.0,0.0
X00188,icefishball,short_only,fixed,fixed,20.0,60.0,6,4,196.04,5.7261,0.5,49.01,41.24,237.52,-41.48,3,2,False,"[118.52, -41.24, 118.76]",1.0,1.0,1.0,0.0
X00044,icefishball,all,atr,atr,1.5,1.0,12,6,362.56,5.1559,0.8333,60.4267,87.24,449.8,-87.24,3,2,False,"[-41.98, 258.02, 146.52]",1.0,1.0,1.0,0.0
X00075,icefishball,all,atr,atr,1.5,1.0,24,6,362.56,5.1559,0.8333,60.4267,87.24,449.8,-87.24,3,2,False,"[-41.98, 258.02, 146.52]",1.0,1.0,1.0,0.0
X00053,icefishball,all,atr_blend,atr_blend,1.5,1.0,12,6,329.56,5.0817,0.8333,54.9267,80.74,410.3,-80.74,3,2,False,"[-32.98, 199.02, 163.52]",1.0,1.0,1.0,0.0
X00084,icefishball,all,atr_blend,atr_blend,1.5,1.0,24,6,329.56,5.0817,0.8333,54.9267,80.74,410.3,-80.74,3,2,False,"[-32.98, 199.02, 163.52]",1.0,1.0,1.0,0.0
X00070,icefishball,all,fixed,fixed,60.0,60.0,24,6,472.56,4.8977,0.8333,78.76,121.24,593.8,-121.24,3,2,False,"[-2.48, 237.52, 237.52]",1.0,1.0,1.0,0.0
X00167,icefishball,long_only,atr,atr,1.0,4.0,24,2,221.52,4.7712,0.5,110.76,58.74,280.26,-58.74,2,1,False,"[-58.74, 280.26]",1.0,1.0,1.0,0.0
X00253,icefishball,short_only,fixed,fixed,40.0,60.0,24,4,275.04,4.3855,0.75,68.76,81.24,356.28,-81.24,3,2,False,"[237.52, -81.24, 118.76]",1.0,1.0,1.0,0.0
X00176,icefishball,long_only,atr_blend,atr_blend,1.0,4.0,24,2,182.52,4.365,0.5,91.26,54.24,236.76,-54.24,2,1,False,"[-54.24, 236.76]",1.0,1.0,1.0,0.0
X00019,icefishball,all,atr_blend,atr_blend,1.0,1.0,6,6,224.06,3.9489,0.6667,37.3433,54.24,300.04,-75.98,3,2,False,"[-6.48, 67.02, 163.52]",1.0,1.0,1.0,0.0
X00010,icefishball,all,atr,atr,1.0,1.0,6,6,223.56,3.7778,0.6667,37.26,58.74,304.04,-80.48,3,2,False,"[-13.48, 90.52, 146.52]",1.0,1.0,1.0,0.0
X00184,icefishball,long_only,range15_pct,range15_pct,0.75,2.0,24,2,167.02,3.3949,0.5,83.51,69.74,236.76,-69.74,2,1,False,"[-69.74, 236.76]",1.0,1.0,1.0,0.0
X00170,icefishball,long_only,atr,atr,1.5,4.0,24,2,193.02,3.2125,0.5,96.51,87.24,280.26,-87.24,2,1,False,"[-87.24, 280.26]",1.0,1.0,1.0,0.0
X00039,icefishball,all,fixed,fixed,60.0,60.0,12,6,320.56,3.0751,0.6667,53.4267,154.48,475.04,-154.48,3,2,False,"[-154.48, 237.52, 237.52]",1.0,1.0,1.0,0.0
X00145,icefishball,long_only,atr_blend,atr_blend,1.0,4.0,12,2,109.02,3.01,0.5,54.51,54.24,163.26,-54.24,2,1,False,"[-54.24, 163.26]",1.0,1.0,1.0,0.0
X00113,icefishball,long_only,atr_blend,atr_blend,1.0,2.0,6,2,106.02,2.9546,0.5,53.01,54.24,160.26,-54.24,2,1,False,"[-54.24, 160.26]",1.0,1.0,1.0,0.0
X00144,icefishball,long_only,atr_blend,atr_blend,1.0,2.0,12,2,106.02,2.9546,0.5,53.01,54.24,160.26,-54.24,2,1,False,"[-54.24, 160.26]",1.0,1.0,1.0,0.0
X00175,icefishball,long_only,atr_blend,atr_blend,1.0,2.0,24,2,106.02,2.9546,0.5,53.01,54.24,160.26,-54.24,2,1,False,"[-54.24, 160.26]",1.0,1.0,1.0,0.0
X00161,icefishball,long_only,fixed,fixed,40.0,120.0,24,2,157.52,2.9389,0.5,78.76,81.24,238.76,-81.24,2,1,False,"[-81.24, 238.76]",1.0,1.0,1.0,0.0
X00179,icefishball,long_only,atr_blend,atr_blend,1.5,4.0,24,2,156.02,2.9324,0.5,78.01,80.74,236.76,-80.74,2,1,False,"[-80.74, 236.76]",1.0,1.0,1.0,0.0
X00022,icefishball,all,atr_blend,atr_blend,1.5,1.0,6,6,197.56,2.9278,0.6667,32.9267,80.74,300.04,-102.48,3,2,False,"[-32.98, 67.02, 163.52]",1.0,1.0,1.0,0.0
X00191,icefishball,short_only,fixed,fixed,40.0,60.0,6,4,156.04,2.9151,0.5,39.01,81.24,237.52,-81.48,3,2,False,"[118.52, -81.24, 118.76]",1.0,1.0,1.0,0.0
X00114,icefishball,long_only,atr_blend,atr_blend,1.0,4.0,6,2,102.02,2.8809,0.5,51.01,54.24,156.26,-54.24,2,1,False,"[-54.24, 156.26]",1.0,1.0,1.0,0.0
X00219,icefishball,short_only,fixed,fixed,20.0,60.0,12,4,155.04,2.8797,0.5,38.76,41.24,237.52,-82.48,3,2,False,"[77.52, -41.24, 118.76]",1.0,1.0,1.0,0.0
X00250,icefishball,short_only,fixed,fixed,20.0,60.0,24,4,155.04,2.8797,0.5,38.76,41.24,237.52,-82.48,3,2,False,"[77.52, -41.24, 118.76]",1.0,1.0,1.0,0.0
X00013,icefishball,all,atr,atr,1.5,1.0,6,6,195.06,2.7899,0.6667,32.51,87.24,304.04,-108.98,3,2,False,"[-41.98, 90.52, 146.52]",1.0,1.0,1.0,0.0
X00136,icefishball,long_only,atr,atr,1.0,4.0,12,2,104.52,2.7794,0.5,52.26,58.74,163.26,-58.74,2,1,False,"[-58.74, 163.26]",1.0,1.0,1.0,0.0
X00105,icefishball,long_only,atr,atr,1.0,4.0,6,2,97.52,2.6602,0.5,48.76,58.74,156.26,-58.74,2,1,False,"[-58.74, 156.26]",1.0,1.0,1.0,0.0
X00008,icefishball,all,fixed,fixed,60.0,60.0,6,6,213.06,2.4876,0.5,35.51,121.48,356.28,-143.22,3,2,False,"[-121.48, 97.02, 237.52]",1.0,1.0,1.0,0.0
X00079,icefishball,all,atr,atr,2.5,2.0,24,5,292.8,2.4163,0.8,58.56,206.74,499.54,-206.74,3,2,False,"[205.02, -51.48, 139.26]",1.0,1.0,1.0,0.0
X00004,icefishball,all,fixed,fixed,40.0,20.0,6,6,112.56,2.3855,0.8333,18.76,81.24,193.8,-81.24,3,2,False,"[-42.48, 77.52, 77.52]",1.0,1.0,1.0,0.0
X00035,icefishball,all,fixed,fixed,40.0,20.0,12,6,112.56,2.3855,0.8333,18.76,81.24,193.8,-81.24,3,2,False,"[-42.48, 77.52, 77.52]",1.0,1.0,1.0,0.0
X00066,icefishball,all,fixed,fixed,40.0,20.0,24,6,112.56,2.3855,0.8333,18.76,81.24,193.8,-81.24,3,2,False,"[-42.48, 77.52, 77.52]",1.0,1.0,1.0,0.0
X00104,icefishball,long_only,atr,atr,1.0,2.0,6,2,80.52,2.3708,0.5,40.26,58.74,139.26,-58.74,2,1,False,"[-58.74, 139.26]",1.0,1.0,1.0,0.0
X00135,icefishball,long_only,atr,atr,1.0,2.0,12,2,80.52,2.3708,0.5,40.26,58.74,139.26,-58.74,2,1,False,"[-58.74, 139.26]",1.0,1.0,1.0,0.0
X00166,icefishball,long_only,atr,atr,1.0,2.0,24,2,80.52,2.3708,0.5,40.26,58.74,139.26,-58.74,2,1,False,"[-58.74, 139.26]",1.0,1.0,1.0,0.0
X00088,icefishball,all,atr_blend,atr_blend,2.5,2.0,24,5,306.3,2.3539,0.8,61.26,226.24,532.54,-226.24,3,2,False,"[202.02, -55.98, 160.26]",1.0,1.0,1.0,0.0
X00153,icefishball,long_only,range15_pct,range15_pct,0.75,2.0,12,2,93.52,2.341,0.5,46.76,69.74,163.26,-69.74,2,1,False,"[-69.74, 163.26]",1.0,1.0,1.0,0.0
X00121,icefishball,long_only,range15_pct,range15_pct,0.75,1.0,6,2,86.52,2.2406,0.5,43.26,69.74,156.26,-69.74,2,1,False,"[-69.74, 156.26]",1.0,1.0,1.0,0.0
X00122,icefishball,long_only,range15_pct,range15_pct,0.75,2.0,6,2,86.52,2.2406,0.5,43.26,69.74,156.26,-69.74,2,1,False,"[-69.74, 156.26]",1.0,1.0,1.0,0.0
X00152,icefishball,long_only,range15_pct,range15_pct,0.75,1.0,12,2,86.52,2.2406,0.5,43.26,69.74,156.26,-69.74,2,1,False,"[-69.74, 156.26]",1.0,1.0,1.0,0.0
X00183,icefishball,long_only,range15_pct,range15_pct,0.75,1.0,24,2,86.52,2.2406,0.5,43.26,69.74,156.26,-69.74,2,1,False,"[-69.74, 156.26]",1.0,1.0,1.0,0.0
X00005,icefishball,all,fixed,fixed,40.0,60.0,6,6,193.56,2.1895,0.5,32.26,81.48,356.28,-162.72,3,2,False,"[-81.48, 37.52, 237.52]",1.0,1.0,1.0,0.0
X00222,icefishball,short_only,fixed,fixed,40.0,60.0,12,4,123.04,2.0748,0.5,30.76,81.24,237.52,-114.48,3,2,False,"[85.52, -81.24, 118.76]",1.0,1.0,1.0,0.0
X00186,icefishball,long_only,range15_pct,range15_pct,1.25,2.0,24,2,121.02,2.0456,0.5,60.51,115.74,236.76,-115.74,2,1,False,"[-115.74, 236.76]",1.0,1.0,1.0,0.0
X00148,icefishball,long_only,atr_blend,atr_blend,1.5,4.0,12,2,82.52,2.022,0.5,41.26,80.74,163.26,-80.74,2,1,False,"[-80.74, 163.26]",1.0,1.0,1.0,0.0
X00130,icefishball,long_only,fixed,fixed,40.0,120.0,12,2,82.02,2.0096,0.5,41.01,81.24,163.26,-81.24,2,1,False,"[-81.24, 163.26]",1.0,1.0,1.0,0.0
X00116,icefishball,long_only,atr_blend,atr_blend,1.5,2.0,6,2,79.52,1.9849,0.5,39.76,80.74,160.26,-80.74,2,1,False,"[-80.74, 160.26]",1.0,1.0,1.0,0.0
X00147,icefishball,long_only,atr_blend,atr_blend,1.5,2.0,12,2,79.52,1.9849,0.5,39.76,80.74,160.26,-80.74,2,1,False,"[-80.74, 160.26]",1.0,1.0,1.0,0.0
X00178,icefishball,long_only,atr_blend,atr_blend,1.5,2.0,24,2,79.52,1.9849,0.5,39.76,80.74,160.26,-80.74,2,1,False,"[-80.74, 160.26]",1.0,1.0,1.0,0.0
X00164,icefishball,long_only,fixed,fixed,60.0,120.0,24,2,117.52,1.9693,0.5,58.76,121.24,238.76,-121.24,2,1,False,"[-121.24, 238.76]",1.0,1.0,1.0,0.0
X00117,icefishball,long_only,atr_blend,atr_blend,1.5,4.0,6,2,75.52,1.9353,0.5,37.76,80.74,156.26,-80.74,2,1,False,"[-80.74, 156.26]",1.0,1.0,1.0,0.0
X00251,icefishball,short_only,fixed,fixed,20.0,120.0,24,4,115.04,1.9298,0.25,28.76,123.72,238.76,-123.72,3,1,False,"[-82.48, -41.24, 238.76]",1.0,1.0,1.0,0.0
X00099,icefishball,long_only,fixed,fixed,40.0,120.0,6,2,75.02,1.9234,0.5,37.51,81.24,156.26,-81.24,2,1,False,"[-81.24, 156.26]",1.0,1.0,1.0,0.0
X00002,icefishball,all,fixed,fixed,20.0,60.0,6,6,113.56,1.9161,0.3333,18.9267,41.48,237.52,-123.96,3,2,False,"[-41.48, 77.52, 77.52]",1.0,1.0,1.0,0.0
X00001,icefishball,all,fixed,fixed,20.0,20.0,6,6,72.56,1.8797,0.6667,12.0933,41.24,155.04,-82.48,3,1,False,"[-2.48, 77.52, -2.48]",1.0,1.0,1.0,0.0
X00032,icefishball,all,fixed,fixed,20.0,20.0,12,6,72.56,1.8797,0.6667,12.0933,41.24,155.04,-82.48,3,1,False,"[-2.48, 77.52, -2.48]",1.0,1.0,1.0,0.0
X00063,icefishball,all,fixed,fixed,20.0,20.0,24,6,72.56,1.8797,0.6667,12.0933,41.24,155.04,-82.48,3,1,False,"[-2.48, 77.52, -2.48]",1.0,1.0,1.0,0.0
X00083,icefishball,all,atr_blend,atr_blend,1.0,4.0,24,6,270.06,1.8755,0.3333,45.01,308.46,578.52,-308.46,3,1,False,"[-104.48, -203.98, 578.52]",1.0,1.0,1.0,0.0
X00139,icefishball,long_only,atr,atr,1.5,4.0,12,2,76.02,1.8714,0.5,38.01,87.24,163.26,-87.24,2,1,False,"[-87.24, 163.26]",1.0,1.0,1.0,0.0
X00028,icefishball,all,range15_pct,range15_pct,0.75,1.0,6,5,127.8,1.8354,0.6,25.56,152.98,280.78,-152.98,3,1,False,"[-24.48, -3.98, 156.26]",1.0,1.0,1.0,0.0
X00036,icefishball,all,fixed,fixed,40.0,60.0,12,6,160.56,1.8204,0.5,26.76,114.48,356.28,-195.72,3,2,False,"[-114.48, 37.52, 237.52]",1.0,1.0,1.0,0.0
X00077,icefishball,all,atr,atr,1.5,4.0,24,5,262.3,1.7955,0.4,52.46,329.72,592.02,-329.72,3,2,False,"[-158.48, 140.52, 280.26]",1.0,1.0,1.0,0.0
X00068,icefishball,all,fixed,fixed,40.0,120.0,24,6,211.56,1.7955,0.3333,35.26,265.96,477.52,-265.96,3,1,False,"[-103.48, -162.48, 477.52]",1.0,1.0,1.0,0.0
X00029,icefishball,all,range15_pct,range15_pct,0.75,2.0,6,5,121.3,1.7917,0.4,24.26,153.22,274.52,-153.22,3,2,False,"[-69.98, 35.02, 156.26]",1.0,1.0,1.0,0.0
X00108,icefishball,long_only,atr,atr,1.5,4.0,6,2,69.02,1.7912,0.5,34.51,87.24,156.26,-87.24,2,1,False,"[-87.24, 156.26]",1.0,1.0,1.0,0.0
X00020,icefishball,all,atr_blend,atr_blend,1.0,2.0,6,6,111.06,1.6632,0.3333,18.51,167.46,278.52,-167.46,3,1,False,"[-54.48, -112.98, 278.52]",1.0,1.0,1.0,0.0
X00021,icefishball,all,atr_blend,atr_blend,1.0,4.0,6,6,107.06,1.6393,0.3333,17.8433,167.46,274.52,-167.46,3,1,False,"[-54.48, -112.98, 274.52]",1.0,1.0,1.0,0.0
X00015,icefishball,all,atr,atr,1.5,4.0,6,5,103.8,1.608,0.4,20.76,170.72,274.52,-170.72,3,2,False,"[-87.48, 35.02, 156.26]",1.0,1.0,1.0,0.0
X00074,icefishball,all,atr,atr,1.0,4.0,24,6,222.56,1.6024,0.3333,37.0933,369.46,592.02,-369.46,3,1,False,"[-106.48, -262.98, 592.02]",1.0,1.0,1.0,0.0
X00007,icefishball,all,fixed,fixed,60.0,20.0,6,6,72.56,1.5985,0.8333,12.0933,121.24,193.8,-121.24,3,2,False,"[-82.48, 77.52, 77.52]",1.0,1.0,1.0,0.0
X00038,icefishball,all,fixed,fixed,60.0,20.0,12,6,72.56,1.5985,0.8333,12.0933,121.24,193.8,-121.24,3,2,False,"[-82.48, 77.52, 77.52]",1.0,1.0,1.0,0.0
X00069,icefishball,all,fixed,fixed,60.0,20.0,24,6,72.56,1.5985,0.8333,12.0933,121.24,193.8,-121.24,3,2,False,"[-82.48, 77.52, 77.52]",1.0,1.0,1.0,0.0
X00107,icefishball,long_only,atr,atr,1.5,2.0,6,2,52.02,1.5963,0.5,26.01,87.24,139.26,-87.24,2,1,False,"[-87.24, 139.26]",1.0,1.0,1.0,0.0
X00138,icefishball,long_only,atr,atr,1.5,2.0,12,2,52.02,1.5963,0.5,26.01,87.24,139.26,-87.24,2,1,False,"[-87.24, 139.26]",1.0,1.0,1.0,0.0
X00169,icefishball,long_only,atr,atr,1.5,2.0,24,2,52.02,1.5963,0.5,26.01,87.24,139.26,-87.24,2,1,False,"[-87.24, 139.26]",1.0,1.0,1.0,0.0
X00059,icefishball,all,range15_pct,range15_pct,0.75,1.0,12,5,101.3,1.5644,0.6,20.26,179.48,280.78,-179.48,3,1,False,"[-24.48, -30.48, 156.26]",1.0,1.0,1.0,0.0
X00014,icefishball,all,atr,atr,1.5,2.0,6,5,86.8,1.5084,0.4,17.36,170.72,257.52,-170.72,3,2,False,"[-87.48, 35.02, 139.26]",1.0,1.0,1.0,0.0
X00060,icefishball,all,range15_pct,range15_pct,0.75,2.0,12,5,107.3,1.4974,0.4,21.46,215.72,323.02,-215.72,3,2,False,"[-105.98, 50.02, 163.26]",1.0,1.0,1.0,0.0
X00214,icefishball,short_only,range15_pct,range15_pct,0.75,1.0,6,3,41.28,1.4959,0.6667,13.76,83.24,124.52,-83.24,3,2,False,"[45.26, -83.24, 79.26]",1.0,1.0,1.0,0.0
X00216,icefishball,short_only,range15_pct,range15_pct,1.25,1.0,6,3,41.28,1.4959,0.6667,13.76,83.24,124.52,-83.24,3,2,False,"[45.26, -83.24, 79.26]",1.0,1.0,1.0,0.0
X00098,icefishball,long_only,fixed,fixed,40.0,60.0,6,2,37.52,1.4618,0.5,18.76,81.24,118.76,-81.24,2,1,False,"[-81.24, 118.76]",1.0,1.0,1.0,0.0
X00129,icefishball,long_only,fixed,fixed,40.0,60.0,12,2,37.52,1.4618,0.5,18.76,81.24,118.76,-81.24,2,1,False,"[-81.24, 118.76]",1.0,1.0,1.0,0.0
X00160,icefishball,long_only,fixed,fixed,40.0,60.0,24,2,37.52,1.4618,0.5,18.76,81.24,118.76,-81.24,2,1,False,"[-81.24, 118.76]",1.0,1.0,1.0,0.0
X00112,icefishball,long_only,atr_blend,atr_blend,1.0,1.0,6,2,25.02,1.4613,0.5,12.51,54.24,79.26,-54.24,2,1,False,"[-54.24, 79.26]",1.0,1.0,1.0,0.0
X00143,icefishball,long_only,atr_blend,atr_blend,1.0,1.0,12,2,25.02,1.4613,0.5,12.51,54.24,79.26,-54.24,2,1,False,"[-54.24, 79.26]",1.0,1.0,1.0,0.0
X00174,icefishball,long_only,atr_blend,atr_blend,1.0,1.0,24,2,25.02,1.4613,0.5,12.51,54.24,79.26,-54.24,2,1,False,"[-54.24, 79.26]",1.0,1.0,1.0,0.0
X00033,icefishball,all,fixed,fixed,20.0,60.0,12,6,72.56,1.4399,0.3333,12.0933,82.48,237.52,-164.96,3,2,False,"[-82.48, 77.52, 77.52]",1.0,1.0,1.0,0.0
X00064,icefishball,all,fixed,fixed,20.0,60.0,24,6,72.56,1.4399,0.3333,12.0933,82.48,237.52,-164.96,3,2,False,"[-82.48, 77.52, 77.52]",1.0,1.0,1.0,0.0
X00189,icefishball,short_only,fixed,fixed,20.0,120.0,6,4,35.54,1.4296,0.25,8.885,82.72,118.26,-82.72,3,1,False,"[-41.48, -41.24, 118.26]",1.0,1.0,1.0,0.0
X00200,icefishball,short_only,atr,atr,1.5,2.0,6,3,34.78,1.4166,0.3333,11.5933,83.48,118.26,-83.48,3,1,False,"[-0.24, -83.24, 118.26]",1.0,1.0,1.0,0.0
X00201,icefishball,short_only,atr,atr,1.5,4.0,6,3,34.78,1.4166,0.3333,11.5933,83.48,118.26,-83.48,3,1,False,"[-0.24, -83.24, 118.26]",1.0,1.0,1.0,0.0
X00203,icefishball,short_only,atr,atr,2.5,2.0,6,3,34.78,1.4166,0.3333,11.5933,83.48,118.26,-83.48,3,1,False,"[-0.24, -83.24, 118.26]",1.0,1.0,1.0,0.0
X00204,icefishball,short_only,atr,atr,2.5,4.0,6,3,34.78,1.4166,0.3333,11.5933,83.48,118.26,-83.48,3,1,False,"[-0.24, -83.24, 118.26]",1.0,1.0,1.0,0.0
X00212,icefishball,short_only,atr_blend,atr_blend,2.5,2.0,6,3,34.78,1.4166,0.3333,11.5933,83.48,118.26,-83.48,3,1,False,"[-0.24, -83.24, 118.26]",1.0,1.0,1.0,0.0
X00213,icefishball,short_only,atr_blend,atr_blend,2.5,4.0,6,3,34.78,1.4166,0.3333,11.5933,83.48,118.26,-83.48,3,1,False,"[-0.24, -83.24, 118.26]",1.0,1.0,1.0,0.0
X00215,icefishball,short_only,range15_pct,range15_pct,0.75,2.0,6,3,34.78,1.4166,0.3333,11.5933,83.48,118.26,-83.48,3,1,False,"[-0.24, -83.24, 118.26]",1.0,1.0,1.0,0.0
X00217,icefishball,short_only,range15_pct,range15_pct,1.25,2.0,6,3,34.78,1.4166,0.3333,11.5933,83.48,118.26,-83.48,3,1,False,"[-0.24, -83.24, 118.26]",1.0,1.0,1.0,0.0
X00030,icefishball,all,range15_pct,range15_pct,1.25,1.0,6,5,81.8,1.4111,0.6,16.36,198.98,280.78,-198.98,3,1,False,"[-70.48, -3.98, 156.26]",1.0,1.0,1.0,0.0
X00155,icefishball,long_only,range15_pct,range15_pct,1.25,2.0,12,2,47.52,1.4106,0.5,23.76,115.74,163.26,-115.74,2,1,False,"[-115.74, 163.26]",1.0,1.0,1.0,0.0
X00012,icefishball,all,atr,atr,1.0,4.0,6,6,79.06,1.4045,0.3333,13.1767,195.46,274.52,-195.46,3,1,False,"[-58.98, -136.48, 274.52]",1.0,1.0,1.0,0.0
X00031,icefishball,all,range15_pct,range15_pct,1.25,2.0,6,5,75.3,1.378,0.4,15.06,199.22,274.52,-199.22,3,2,False,"[-115.98, 35.02, 156.26]",1.0,1.0,1.0,0.0
X00275,icefishball,short_only,atr_blend,atr_blend,2.5,4.0,24,3,93.28,1.3754,0.3333,31.0933,248.48,341.76,-248.48,3,1,False,"[-22.24, -226.24, 341.76]",1.0,1.0,1.0,0.0
X00266,icefishball,short_only,atr,atr,2.5,4.0,24,3,82.78,1.3615,0.3333,27.5933,228.98,311.76,-228.98,3,1,False,"[-22.24, -206.74, 311.76]",1.0,1.0,1.0,0.0
X00123,icefishball,long_only,range15_pct,range15_pct,1.25,1.0,6,2,40.52,1.3501,0.5,20.26,115.74,156.26,-115.74,2,1,False,"[-115.74, 156.26]",1.0,1.0,1.0,0.0
X00124,icefishball,long_only,range15_pct,range15_pct,1.25,2.0,6,2,40.52,1.3501,0.5,20.26,115.74,156.26,-115.74,2,1,False,"[-115.74, 156.26]",1.0,1.0,1.0,0.0
X00154,icefishball,long_only,range15_pct,range15_pct,1.25,1.0,12,2,40.52,1.3501,0.5,20.26,115.74,156.26,-115.74,2,1,False,"[-115.74, 156.26]",1.0,1.0,1.0,0.0
X00185,icefishball,long_only,range15_pct,range15_pct,1.25,1.0,24,2,40.52,1.3501,0.5,20.26,115.74,156.26,-115.74,2,1,False,"[-115.74, 156.26]",1.0,1.0,1.0,0.0
X00133,icefishball,long_only,fixed,fixed,60.0,120.0,12,2,42.02,1.3466,0.5,21.01,121.24,163.26,-121.24,2,1,False,"[-121.24, 163.26]",1.0,1.0,1.0,0.0
X00269,icefishball,short_only,atr_blend,atr_blend,1.0,4.0,24,4,87.54,1.3443,0.25,21.885,254.22,341.76,-254.22,3,1,False,"[-141.48, -112.74, 341.76]",1.0,1.0,1.0,0.0
X00011,icefishball,all,atr,atr,1.0,2.0,6,6,62.06,1.3175,0.3333,10.3433,195.46,257.52,-195.46,3,1,False,"[-58.98, -136.48, 257.52]",1.0,1.0,1.0,0.0
X00254,icefishball,short_only,fixed,fixed,40.0,120.0,24,4,54.04,1.2926,0.25,13.51,184.72,238.76,-184.72,3,1,False,"[-103.48, -81.24, 238.76]",1.0,1.0,1.0,0.0
X00102,icefishball,long_only,fixed,fixed,60.0,120.0,6,2,35.02,1.2888,0.5,17.51,121.24,156.26,-121.24,2,1,False,"[-121.24, 156.26]",1.0,1.0,1.0,0.0
X00263,icefishball,short_only,atr,atr,1.5,4.0,24,3,69.28,1.2857,0.3333,23.0933,242.48,311.76,-242.48,3,1,False,"[-71.24, -171.24, 311.76]",1.0,1.0,1.0,0.0
X00091,icefishball,all,range15_pct,range15_pct,0.75,2.0,24,5,83.8,1.268,0.4,16.76,312.72,396.52,-312.72,3,1,False,"[-105.98, -46.98, 236.76]",1.0,1.0,1.0,0.0
X00061,icefishball,all,range15_pct,range15_pct,1.25,1.0,12,5,55.3,1.2453,0.6,11.06,225.48,280.78,-225.48,3,1,False,"[-70.48, -30.48, 156.26]",1.0,1.0,1.0,0.0
X00071,icefishball,all,fixed,fixed,60.0,120.0,24,6,91.56,1.2372,0.3333,15.26,385.96,477.52,-385.96,3,1,False,"[-143.48, -242.48, 477.52]",1.0,1.0,1.0,0.0
X00265,icefishball,short_only,atr,atr,2.5,2.0,24,3,40.28,1.1948,0.6667,13.4267,206.74,247.02,-206.74,3,2,False,"[91.76, -206.74, 155.26]",1.0,1.0,1.0,0.0
X00243,icefishball,short_only,atr_blend,atr_blend,2.5,2.0,12,3,27.28,1.1908,0.3333,9.0933,142.98,170.26,-142.98,3,1,False,"[-33.24, -109.74, 170.26]",1.0,1.0,1.0,0.0
X00274,icefishball,short_only,atr_blend,atr_blend,2.5,2.0,24,3,41.28,1.1825,0.6667,13.76,226.24,267.52,-226.24,3,2,False,"[97.26, -226.24, 170.26]",1.0,1.0,1.0,0.0
X00103,icefishball,long_only,atr,atr,1.0,1.0,6,2,10.52,1.1791,0.5,5.26,58.74,69.26,-58.74,2,1,False,"[-58.74, 69.26]",1.0,1.0,1.0,0.0
X00134,icefishball,long_only,atr,atr,1.0,1.0,12,2,10.52,1.1791,0.5,5.26,58.74,69.26,-58.74,2,1,False,"[-58.74, 69.26]",1.0,1.0,1.0,0.0
X00165,icefishball,long_only,atr,atr,1.0,1.0,24,2,10.52,1.1791,0.5,5.26,58.74,69.26,-58.74,2,1,False,"[-58.74, 69.26]",1.0,1.0,1.0,0.0
X00023,icefishball,all,atr_blend,atr_blend,1.5,2.0,6,6,39.56,1.1656,0.3333,6.5933,238.96,278.52,-238.96,3,1,False,"[-80.98, -157.98, 278.52]",1.0,1.0,1.0,0.0
X00065,icefishball,all,fixed,fixed,20.0,120.0,24,6,32.56,1.1579,0.1667,5.4267,164.96,238.76,-206.2,3,1,False,"[-82.48, -82.48, 197.52]",1.0,1.0,1.0,0.0
X00024,icefishball,all,atr_blend,atr_blend,1.5,4.0,6,6,35.56,1.1488,0.3333,5.9267,238.96,274.52,-238.96,3,1,False,"[-80.98, -157.98, 274.52]",1.0,1.0,1.0,0.0
X00051,icefishball,all,atr_blend,atr_blend,1.0,2.0,12,6,42.06,1.1458,0.3333,7.01,288.46,330.52,-288.46,3,1,False,"[-104.48, -183.98, 330.52]",1.0,1.0,1.0,0.0
X00245,icefishball,short_only,range15_pct,range15_pct,0.75,1.0,12,3,14.78,1.1347,0.6667,4.9267,109.74,124.52,-109.74,3,2,False,"[45.26, -109.74, 79.26]",1.0,1.0,1.0,0.0
X00247,icefishball,short_only,range15_pct,range15_pct,1.25,1.0,12,3,14.78,1.1347,0.6667,4.9267,109.74,124.52,-109.74,3,2,False,"[45.26, -109.74, 79.26]",1.0,1.0,1.0,0.0
X00062,icefishball,all,range15_pct,range15_pct,1.25,2.0,12,5,38.3,1.1345,0.4,7.66,284.72,323.02,-284.72,3,2,False,"[-174.98, 50.02, 163.26]",1.0,1.0,1.0,0.0
X00006,icefishball,all,fixed,fixed,40.0,120.0,6,6,30.56,1.1253,0.3333,5.0933,243.96,274.52,-243.96,3,1,False,"[-81.48, -162.48, 274.52]",1.0,1.0,1.0,0.0
X00246,icefishball,short_only,range15_pct,range15_pct,0.75,2.0,12,3,13.78,1.0944,0.3333,4.5933,145.98,159.76,-145.98,3,1,False,"[-36.24, -109.74, 159.76]",1.0,1.0,1.0,0.0
X00234,icefishball,short_only,atr,atr,2.5,2.0,12,3,12.28,1.0859,0.3333,4.0933,142.98,155.26,-142.98,3,1,False,"[-33.24, -109.74, 155.26]",1.0,1.0,1.0,0.0
X00082,icefishball,all,atr_blend,atr_blend,1.0,2.0,24,6,22.06,1.0715,0.3333,3.6767,308.46,330.52,-308.46,3,1,False,"[-104.48, -203.98, 330.52]",1.0,1.0,1.0,0.0
X00206,icefishball,short_only,atr_blend,atr_blend,1.0,2.0,6,4,5.04,1.0445,0.25,1.26,113.22,118.26,-113.22,3,1,False,"[-91.48, -21.74, 118.26]",1.0,1.0,1.0,0.0
X00207,icefishball,short_only,atr_blend,atr_blend,1.0,4.0,6,4,5.04,1.0445,0.25,1.26,113.22,118.26,-113.22,3,1,False,"[-91.48, -21.74, 118.26]",1.0,1.0,1.0,0.0
X00093,icefishball,all,range15_pct,range15_pct,1.25,2.0,24,5,14.8,1.0388,0.4,2.96,381.72,396.52,-381.72,3,1,False,"[-174.98, -46.98, 236.76]",1.0,1.0,1.0,0.0
X00009,icefishball,all,fixed,fixed,60.0,120.0,6,6,10.06,1.038,0.3333,1.6767,264.46,274.52,-264.46,3,1,False,"[-121.48, -142.98, 274.52]",1.0,1.0,1.0,0.0
X00090,icefishball,all,range15_pct,range15_pct,0.75,1.0,24,5,4.3,1.0156,0.6,0.86,276.48,280.78,-276.48,3,1,False,"[-24.48, -127.48, 156.26]",1.0,1.0,1.0,0.0
X00045,icefishball,all,atr,atr,1.5,2.0,12,5,2.8,1.0096,0.4,0.56,291.72,294.52,-291.72,3,1,False,"[-120.48, -15.98, 139.26]",1.0,1.0,1.0,0.0
X00260,icefishball,short_only,atr,atr,1.0,4.0,24,4,1.04,1.0033,0.25,0.26,310.72,311.76,-310.72,3,1,False,"[-162.48, -148.24, 311.76]",1.0,1.0,1.0,0.0
X00037,icefishball,all,fixed,fixed,40.0,120.0,12,6,0.56,1.002,0.3333,0.0933,276.96,277.52,-276.96,3,1,False,"[-114.48, -162.48, 277.52]",1.0,1.0,1.0,0.0
X00115,icefishball,long_only,atr_blend,atr_blend,1.5,1.0,6,2,-1.48,0.9817,0.5,-0.74,80.74,79.26,-80.74,2,1,False,"[-80.74, 79.26]",0.0,0.0,0.0,0.0
X00146,icefishball,long_only,atr_blend,atr_blend,1.5,1.0,12,2,-1.48,0.9817,0.5,-0.74,80.74,79.26,-80.74,2,1,False,"[-80.74, 79.26]",0.0,0.0,0.0,0.0
X00177,icefishball,long_only,atr_blend,atr_blend,1.5,1.0,24,2,-1.48,0.9817,0.5,-0.74,80.74,79.26,-80.74,2,1,False,"[-80.74, 79.26]",0.0,0.0,0.0,0.0
X00101,icefishball,long_only,fixed,fixed,60.0,60.0,6,2,-2.48,0.9795,0.5,-1.24,121.24,118.76,-121.24,2,1,False,"[-121.24, 118.76]",0.0,0.0,0.0,0.0
X00132,icefishball,long_only,fixed,fixed,60.0,60.0,12,2,-2.48,0.9795,0.5,-1.24,121.24,118.76,-121.24,2,1,False,"[-121.24, 118.76]",0.0,0.0,0.0,0.0
X00163,icefishball,long_only,fixed,fixed,60.0,60.0,24,2,-2.48,0.9795,0.5,-1.24,121.24,118.76,-121.24,2,1,False,"[-121.24, 118.76]",0.0,0.0,0.0,0.0
X00054,icefishball,all,atr_blend,atr_blend,1.5,2.0,12,6,-12.44,0.9637,0.3333,-2.0733,342.96,330.52,-342.96,3,1,False,"[-113.98, -228.98, 330.52]",0.0,0.0,0.0,0.0
X00052,icefishball,all,atr_blend,atr_blend,1.0,4.0,12,6,-10.94,0.9621,0.3333,-1.8233,288.46,277.52,-288.46,3,1,False,"[-104.48, -183.98, 277.52]",0.0,0.0,0.0,0.0
X00046,icefishball,all,atr,atr,1.5,4.0,12,5,-14.2,0.9513,0.4,-2.84,291.72,277.52,-291.72,3,1,False,"[-120.48, -56.98, 163.26]",0.0,0.0,0.0,0.0
X00248,icefishball,short_only,range15_pct,range15_pct,1.25,2.0,12,3,-9.22,0.9454,0.3333,-3.0733,168.98,159.76,-168.98,3,1,False,"[-59.24, -109.74, 159.76]",0.0,0.0,0.0,0.0
X00042,icefishball,all,atr,atr,1.0,2.0,12,6,-19.44,0.9381,0.3333,-3.24,313.96,294.52,-313.96,3,1,False,"[-106.48, -207.48, 294.52]",0.0,0.0,0.0,0.0
X00220,icefishball,short_only,fixed,fixed,20.0,120.0,12,4,-9.46,0.9235,0.25,-2.365,123.72,114.26,-123.72,3,1,False,"[-82.48, -41.24, 114.26]",0.0,0.0,0.0,0.0
X00257,icefishball,short_only,fixed,fixed,60.0,120.0,24,4,-25.96,0.9019,0.25,-6.49,264.72,238.76,-264.72,3,1,False,"[-143.48, -121.24, 238.76]",0.0,0.0,0.0,0.0
X00076,icefishball,all,atr,atr,1.5,2.0,24,5,-35.2,0.8932,0.4,-7.04,329.72,294.52,-329.72,3,1,False,"[-158.48, -15.98, 139.26]",0.0,0.0,0.0,0.0
X00043,icefishball,all,atr,atr,1.0,4.0,12,6,-36.44,0.8839,0.3333,-6.0733,313.96,277.52,-313.96,3,1,False,"[-106.48, -207.48, 277.52]",0.0,0.0,0.0,0.0
X00092,icefishball,all,range15_pct,range15_pct,1.25,1.0,24,5,-41.7,0.8707,0.6,-8.34,322.48,280.78,-322.48,3,1,False,"[-70.48, -127.48, 156.26]",0.0,0.0,0.0,0.0
X00197,icefishball,short_only,atr,atr,1.0,2.0,6,4,-18.46,0.865,0.25,-4.615,136.72,118.26,-136.72,3,1,False,"[-114.98, -21.74, 118.26]",0.0,0.0,0.0,0.0
X00198,icefishball,short_only,atr,atr,1.0,4.0,6,4,-18.46,0.865,0.25,-4.615,136.72,118.26,-136.72,3,1,False,"[-114.98, -21.74, 118.26]",0.0,0.0,0.0,0.0
X00195,icefishball,short_only,fixed,fixed,60.0,120.0,6,4,-24.96,0.8257,0.25,-6.24,143.22,118.26,-143.22,3,1,False,"[-121.48, -21.74, 118.26]",0.0,0.0,0.0,0.0
X00055,icefishball,all,atr_blend,atr_blend,1.5,4.0,12,6,-65.44,0.8092,0.3333,-10.9067,342.96,277.52,-342.96,3,1,False,"[-113.98, -228.98, 277.52]",0.0,0.0,0.0,0.0
X00235,icefishball,short_only,atr,atr,2.5,4.0,12,3,-28.72,0.7991,0.3333,-9.5733,142.98,114.26,-142.98,3,1,False,"[-33.24, -109.74, 114.26]",0.0,0.0,0.0,0.0
X00244,icefishball,short_only,atr_blend,atr_blend,2.5,4.0,12,3,-28.72,0.7991,0.3333,-9.5733,142.98,114.26,-142.98,3,1,False,"[-33.24, -109.74, 114.26]",0.0,0.0,0.0,0.0
X00073,icefishball,all,atr,atr,1.0,2.0,24,6,-74.94,0.7972,0.3333,-12.49,369.46,294.52,-369.46,3,1,False,"[-106.48, -262.98, 294.52]",0.0,0.0,0.0,0.0
X00106,icefishball,long_only,atr,atr,1.5,1.0,6,2,-17.98,0.7939,0.5,-8.99,87.24,69.26,-87.24,2,1,False,"[-87.24, 69.26]",0.0,0.0,0.0,0.0
X00137,icefishball,long_only,atr,atr,1.5,1.0,12,2,-17.98,0.7939,0.5,-8.99,87.24,69.26,-87.24,2,1,False,"[-87.24, 69.26]",0.0,0.0,0.0,0.0
X00168,icefishball,long_only,atr,atr,1.5,1.0,24,2,-17.98,0.7939,0.5,-8.99,87.24,69.26,-87.24,2,1,False,"[-87.24, 69.26]",0.0,0.0,0.0,0.0
X00231,icefishball,short_only,atr,atr,1.5,2.0,12,3,-49.22,0.7593,0.3333,-16.4067,204.48,155.26,-204.48,3,1,False,"[-33.24, -171.24, 155.26]",0.0,0.0,0.0,0.0
X00040,icefishball,all,fixed,fixed,60.0,120.0,12,6,-90.94,0.7532,0.3333,-15.1567,368.46,277.52,-368.46,3,1,False,"[-154.48, -213.98, 277.52]",0.0,0.0,0.0,0.0
X00209,icefishball,short_only,atr_blend,atr_blend,1.5,2.0,6,4,-39.96,0.7474,0.25,-9.99,158.22,118.26,-158.22,3,1,False,"[-136.48, -21.74, 118.26]",0.0,0.0,0.0,0.0
X00210,icefishball,short_only,atr_blend,atr_blend,1.5,4.0,6,4,-39.96,0.7474,0.25,-9.99,158.22,118.26,-158.22,3,1,False,"[-136.48, -21.74, 118.26]",0.0,0.0,0.0,0.0
X00237,icefishball,short_only,atr_blend,atr_blend,1.0,2.0,12,4,-63.96,0.7269,0.25,-15.99,234.22,170.26,-234.22,3,1,False,"[-141.48, -92.74, 170.26]",0.0,0.0,0.0,0.0
X00192,icefishball,short_only,fixed,fixed,40.0,120.0,6,4,-44.46,0.7268,0.25,-11.115,162.72,118.26,-162.72,3,1,False,"[-81.48, -81.24, 118.26]",0.0,0.0,0.0,0.0
X00086,icefishball,all,atr_blend,atr_blend,1.5,4.0,24,5,-92.2,0.7197,0.2,-18.44,328.96,236.76,-328.96,3,1,False,"[-155.98, -172.98, 236.76]",0.0,0.0,0.0,0.0
X00003,icefishball,all,fixed,fixed,20.0,120.0,6,6,-46.94,0.7159,0.1667,-7.8233,123.96,118.26,-165.2,3,1,False,"[-41.48, -82.48, 77.02]",0.0,0.0,0.0,0.0
X00268,icefishball,short_only,atr_blend,atr_blend,1.0,2.0,24,4,-83.96,0.6697,0.25,-20.99,254.22,170.26,-254.22,3,1,False,"[-141.48, -112.74, 170.26]",0.0,0.0,0.0,0.0
X00277,icefishball,short_only,range15_pct,range15_pct,0.75,2.0,24,3,-83.22,0.6575,0.3333,-27.74,242.98,159.76,-242.98,3,1,False,"[-36.24, -206.74, 159.76]",0.0,0.0,0.0,0.0
X00240,icefishball,short_only,atr_blend,atr_blend,1.5,2.0,12,4,-91.96,0.6493,0.25,-22.99,262.22,170.26,-262.22,3,1,False,"[-169.48, -92.74, 170.26]",0.0,0.0,0.0,0.0
X00262,icefishball,short_only,atr,atr,1.5,2.0,24,3,-87.22,0.6403,0.3333,-29.0733,242.48,155.26,-242.48,3,1,False,"[-71.24, -171.24, 155.26]",0.0,0.0,0.0,0.0
X00228,icefishball,short_only,atr,atr,1.0,2.0,12,4,-99.96,0.6083,0.25,-24.99,255.22,155.26,-255.22,3,1,False,"[-162.48, -92.74, 155.26]",0.0,0.0,0.0,0.0
X00276,icefishball,short_only,range15_pct,range15_pct,0.75,1.0,24,3,-82.22,0.6023,0.6667,-27.4067,206.74,124.52,-206.74,3,2,False,"[45.26, -206.74, 79.26]",0.0,0.0,0.0,0.0
X00278,icefishball,short_only,range15_pct,range15_pct,1.25,1.0,24,3,-82.22,0.6023,0.6667,-27.4067,206.74,124.52,-206.74,3,2,False,"[45.26, -206.74, 79.26]",0.0,0.0,0.0,0.0
X00279,icefishball,short_only,range15_pct,range15_pct,1.25,2.0,24,3,-106.22,0.6006,0.3333,-35.4067,265.98,159.76,-265.98,3,1,False,"[-59.24, -206.74, 159.76]",0.0,0.0,0.0,0.0
X00223,icefishball,short_only,fixed,fixed,40.0,120.0,12,4,-81.46,0.5838,0.25,-20.365,195.72,114.26,-195.72,3,1,False,"[-114.48, -81.24, 114.26]",0.0,0.0,0.0,0.0
X00232,icefishball,short_only,atr,atr,1.5,4.0,12,3,-90.22,0.5588,0.3333,-30.0733,204.48,114.26,-204.48,3,1,False,"[-33.24, -171.24, 114.26]",0.0,0.0,0.0,0.0
X00034,icefishball,all,fixed,fixed,20.0,120.0,12,6,-91.94,0.5541,0.1667,-15.3233,164.96,114.26,-206.2,3,1,False,"[-82.48, -82.48, 73.02]",0.0,0.0,0.0,0.0
X00259,icefishball,short_only,atr,atr,1.0,2.0,24,4,-155.46,0.4997,0.25,-38.865,310.72,155.26,-310.72,3,1,False,"[-162.48, -148.24, 155.26]",0.0,0.0,0.0,0.0
X00238,icefishball,short_only,atr_blend,atr_blend,1.0,4.0,12,4,-119.96,0.4878,0.25,-29.99,234.22,114.26,-234.22,3,1,False,"[-141.48, -92.74, 114.26]",0.0,0.0,0.0,0.0
X00085,icefishball,all,atr_blend,atr_blend,1.5,2.0,24,5,-168.7,0.4872,0.2,-33.74,328.96,160.26,-328.96,3,1,False,"[-155.98, -172.98, 160.26]",0.0,0.0,0.0,0.0
X00097,icefishball,long_only,fixed,fixed,40.0,20.0,6,2,-42.48,0.4771,0.5,-21.24,81.24,38.76,-81.24,2,1,False,"[-81.24, 38.76]",0.0,0.0,0.0,0.0
X00128,icefishball,long_only,fixed,fixed,40.0,20.0,12,2,-42.48,0.4771,0.5,-21.24,81.24,38.76,-81.24,2,1,False,"[-81.24, 38.76]",0.0,0.0,0.0,0.0
X00159,icefishball,long_only,fixed,fixed,40.0,20.0,24,2,-42.48,0.4771,0.5,-21.24,81.24,38.76,-81.24,2,1,False,"[-81.24, 38.76]",0.0,0.0,0.0,0.0
X00226,icefishball,short_only,fixed,fixed,60.0,120.0,12,4,-132.96,0.4622,0.25,-33.24,247.22,114.26,-247.22,3,1,False,"[-154.48, -92.74, 114.26]",0.0,0.0,0.0,0.0
X00229,icefishball,short_only,atr,atr,1.0,4.0,12,4,-140.96,0.4477,0.25,-35.24,255.22,114.26,-255.22,3,1,False,"[-162.48, -92.74, 114.26]",0.0,0.0,0.0,0.0
X00241,icefishball,short_only,atr_blend,atr_blend,1.5,4.0,12,4,-147.96,0.4357,0.25,-36.99,262.22,114.26,-262.22,3,1,False,"[-169.48, -92.74, 114.26]",0.0,0.0,0.0,0.0
X00100,icefishball,long_only,fixed,fixed,60.0,20.0,6,2,-82.48,0.3197,0.5,-41.24,121.24,38.76,-121.24,2,1,False,"[-121.24, 38.76]",0.0,0.0,0.0,0.0
X00131,icefishball,long_only,fixed,fixed,60.0,20.0,12,2,-82.48,0.3197,0.5,-41.24,121.24,38.76,-121.24,2,1,False,"[-121.24, 38.76]",0.0,0.0,0.0,0.0
X00162,icefishball,long_only,fixed,fixed,60.0,20.0,24,2,-82.48,0.3197,0.5,-41.24,121.24,38.76,-121.24,2,1,False,"[-121.24, 38.76]",0.0,0.0,0.0,0.0
X00281,momentum_reversion,all,fixed,fixed,20.0,60.0,6,1,-41.24,0.0,0.0,-41.24,41.24,0.0,-41.24,1,0,False,[-41.24],0.0,0.0,0.0,0.0
X00282,momentum_reversion,all,fixed,fixed,20.0,120.0,6,1,-41.24,0.0,0.0,-41.24,41.24,0.0,-41.24,1,0,False,[-41.24],0.0,0.0,0.0,0.0
X00312,momentum_reversion,all,fixed,fixed,20.0,60.0,12,1,-41.24,0.0,0.0,-41.24,41.24,0.0,-41.24,1,0,False,[-41.24],0.0,0.0,0.0,0.0
X00313,momentum_reversion,all,fixed,fixed,20.0,120.0,12,1,-41.24,0.0,0.0,-41.24,41.24,0.0,-41.24,1,0,False,[-41.24],0.0,0.0,0.0,0.0
X00343,momentum_reversion,all,fixed,fixed,20.0,60.0,24,1,-41.24,0.0,0.0,-41.24,41.24,0.0,-41.24,1,0,False,[-41.24],0.0,0.0,0.0,0.0
X00344,momentum_reversion,all,fixed,fixed,20.0,120.0,24,1,-41.24,0.0,0.0,-41.24,41.24,0.0,-41.24,1,0,False,[-41.24],0.0,0.0,0.0,0.0
X00374,momentum_reversion,long_only,fixed,fixed,20.0,60.0,6,1,-41.24,0.0,0.0,-41.24,41.24,0.0,-41.24,1,0,False,[-41.24],0.0,0.0,0.0,0.0
X00375,momentum_reversion,long_only,fixed,fixed,20.0,120.0,6,1,-41.24,0.0,0.0,-41.24,41.24,0.0,-41.24,1,0,False,[-41.24],0.0,0.0,0.0,0.0
X00405,momentum_reversion,long_only,fixed,fixed,20.0,60.0,12,1,-41.24,0.0,0.0,-41.24,41.24,0.0,-41.24,1,0,False,[-41.24],0.0,0.0,0.0,0.0
X00406,momentum_reversion,long_only,fixed,fixed,20.0,120.0,12,1,-41.24,0.0,0.0,-41.24,41.24,0.0,-41.24,1,0,False,[-41.24],0.0,0.0,0.0,0.0
X00436,momentum_reversion,long_only,fixed,fixed,20.0,60.0,24,1,-41.24,0.0,0.0,-41.24,41.24,0.0,-41.24,1,0,False,[-41.24],0.0,0.0,0.0,0.0
X00437,momentum_reversion,long_only,fixed,fixed,20.0,120.0,24,1,-41.24,0.0,0.0,-41.24,41.24,0.0,-41.24,1,0,False,[-41.24],0.0,0.0,0.0,0.0
X00094,icefishball,long_only,fixed,fixed,20.0,20.0,6,2,-82.48,0.0,0.0,-41.24,82.48,0.0,-82.48,2,0,False,"[-41.24, -41.24]",0.0,0.0,0.0,0.0
X00095,icefishball,long_only,fixed,fixed,20.0,60.0,6,2,-82.48,0.0,0.0,-41.24,82.48,0.0,-82.48,2,0,False,"[-41.24, -41.24]",0.0,0.0,0.0,0.0
X00096,icefishball,long_only,fixed,fixed,20.0,120.0,6,2,-82.48,0.0,0.0,-41.24,82.48,0.0,-82.48,2,0,False,"[-41.24, -41.24]",0.0,0.0,0.0,0.0
X00125,icefishball,long_only,fixed,fixed,20.0,20.0,12,2,-82.48,0.0,0.0,-41.24,82.48,0.0,-82.48,2,0,False,"[-41.24, -41.24]",0.0,0.0,0.0,0.0
X00126,icefishball,long_only,fixed,fixed,20.0,60.0,12,2,-82.48,0.0,0.0,-41.24,82.48,0.0,-82.48,2,0,False,"[-41.24, -41.24]",0.0,0.0,0.0,0.0
X00127,icefishball,long_only,fixed,fixed,20.0,120.0,12,2,-82.48,0.0,0.0,-41.24,82.48,0.0,-82.48,2,0,False,"[-41.24, -41.24]",0.0,0.0,0.0,0.0
X00156,icefishball,long_only,fixed,fixed,20.0,20.0,24,2,-82.48,0.0,0.0,-41.24,82.48,0.0,-82.48,2,0,False,"[-41.24, -41.24]",0.0,0.0,0.0,0.0
X00157,icefishball,long_only,fixed,fixed,20.0,60.0,24,2,-82.48,0.0,0.0,-41.24,82.48,0.0,-82.48,2,0,False,"[-41.24, -41.24]",0.0,0.0,0.0,0.0
X00158,icefishball,long_only,fixed,fixed,20.0,120.0,24,2,-82.48,0.0,0.0,-41.24,82.48,0.0,-82.48,2,0,False,"[-41.24, -41.24]",0.0,0.0,0.0,0.0
X00290,momentum_reversion,all,atr,atr,1.0,2.0,6,1,-61.74,0.0,0.0,-61.74,61.74,0.0,-61.74,1,0,False,[-61.74],0.0,0.0,0.0,0.0
X00291,momentum_reversion,all,atr,atr,1.0,4.0,6,1,-61.74,0.0,0.0,-61.74,61.74,0.0,-61.74,1,0,False,[-61.74],0.0,0.0,0.0,0.0
X00321,momentum_reversion,all,atr,atr,1.0,2.0,12,1,-61.74,0.0,0.0,-61.74,61.74,0.0,-61.74,1,0,False,[-61.74],0.0,0.0,0.0,0.0
X00322,momentum_reversion,all,atr,atr,1.0,4.0,12,1,-61.74,0.0,0.0,-61.74,61.74,0.0,-61.74,1,0,False,[-61.74],0.0,0.0,0.0,0.0
X00352,momentum_reversion,all,atr,atr,1.0,2.0,24,1,-61.74,0.0,0.0,-61.74,61.74,0.0,-61.74,1,0,False,[-61.74],0.0,0.0,0.0,0.0
X00353,momentum_reversion,all,atr,atr,1.0,4.0,24,1,-61.74,0.0,0.0,-61.74,61.74,0.0,-61.74,1,0,False,[-61.74],0.0,0.0,0.0,0.0
X00383,momentum_reversion,long_only,atr,atr,1.0,2.0,6,1,-61.74,0.0,0.0,-61.74,61.74,0.0,-61.74,1,0,False,[-61.74],0.0,0.0,0.0,0.0
X00384,momentum_reversion,long_only,atr,atr,1.0,4.0,6,1,-61.74,0.0,0.0,-61.74,61.74,0.0,-61.74,1,0,False,[-61.74],0.0,0.0,0.0,0.0
X00414,momentum_reversion,long_only,atr,atr,1.0,2.0,12,1,-61.74,0.0,0.0,-61.74,61.74,0.0,-61.74,1,0,False,[-61.74],0.0,0.0,0.0,0.0
X00415,momentum_reversion,long_only,atr,atr,1.0,4.0,12,1,-61.74,0.0,0.0,-61.74,61.74,0.0,-61.74,1,0,False,[-61.74],0.0,0.0,0.0,0.0
X00445,momentum_reversion,long_only,atr,atr,1.0,2.0,24,1,-61.74,0.0,0.0,-61.74,61.74,0.0,-61.74,1,0,False,[-61.74],0.0,0.0,0.0,0.0
X00446,momentum_reversion,long_only,atr,atr,1.0,4.0,24,1,-61.74,0.0,0.0,-61.74,61.74,0.0,-61.74,1,0,False,[-61.74],0.0,0.0,0.0,0.0
X00299,momentum_reversion,all,atr_blend,atr_blend,1.0,2.0,6,1,-78.74,0.0,0.0,-78.74,78.74,0.0,-78.74,1,0,False,[-78.74],0.0,0.0,0.0,0.0
X00300,momentum_reversion,all,atr_blend,atr_blend,1.0,4.0,6,1,-78.74,0.0,0.0,-78.74,78.74,0.0,-78.74,1,0,False,[-78.74],0.0,0.0,0.0,0.0
X00330,momentum_reversion,all,atr_blend,atr_blend,1.0,2.0,12,1,-78.74,0.0,0.0,-78.74,78.74,0.0,-78.74,1,0,False,[-78.74],0.0,0.0,0.0,0.0
X00331,momentum_reversion,all,atr_blend,atr_blend,1.0,4.0,12,1,-78.74,0.0,0.0,-78.74,78.74,0.0,-78.74,1,0,False,[-78.74],0.0,0.0,0.0,0.0
X00361,momentum_reversion,all,atr_blend,atr_blend,1.0,2.0,24,1,-78.74,0.0,0.0,-78.74,78.74,0.0,-78.74,1,0,False,[-78.74],0.0,0.0,0.0,0.0
X00362,momentum_reversion,all,atr_blend,atr_blend,1.0,4.0,24,1,-78.74,0.0,0.0,-78.74,78.74,0.0,-78.74,1,0,False,[-78.74],0.0,0.0,0.0,0.0
X00392,momentum_reversion,long_only,atr_blend,atr_blend,1.0,2.0,6,1,-78.74,0.0,0.0,-78.74,78.74,0.0,-78.74,1,0,False,[-78.74],0.0,0.0,0.0,0.0
X00393,momentum_reversion,long_only,atr_blend,atr_blend,1.0,4.0,6,1,-78.74,0.0,0.0,-78.74,78.74,0.0,-78.74,1,0,False,[-78.74],0.0,0.0,0.0,0.0
X00423,momentum_reversion,long_only,atr_blend,atr_blend,1.0,2.0,12,1,-78.74,0.0,0.0,-78.74,78.74,0.0,-78.74,1,0,False,[-78.74],0.0,0.0,0.0,0.0
X00424,momentum_reversion,long_only,atr_blend,atr_blend,1.0,4.0,12,1,-78.74,0.0,0.0,-78.74,78.74,0.0,-78.74,1,0,False,[-78.74],0.0,0.0,0.0,0.0
X00454,momentum_reversion,long_only,atr_blend,atr_blend,1.0,2.0,24,1,-78.74,0.0,0.0,-78.74,78.74,0.0,-78.74,1,0,False,[-78.74],0.0,0.0,0.0,0.0
X00455,momentum_reversion,long_only,atr_blend,atr_blend,1.0,4.0,24,1,-78.74,0.0,0.0,-78.74,78.74,0.0,-78.74,1,0,False,[-78.74],0.0,0.0,0.0,0.0
X00284,momentum_reversion,all,fixed,fixed,40.0,60.0,6,1,-81.24,0.0,0.0,-81.24,81.24,0.0,-81.24,1,0,False,[-81.24],0.0,0.0,0.0,0.0
X00285,momentum_reversion,all,fixed,fixed,40.0,120.0,6,1,-81.24,0.0,0.0,-81.24,81.24,0.0,-81.24,1,0,False,[-81.24],0.0,0.0,0.0,0.0
X00315,momentum_reversion,all,fixed,fixed,40.0,60.0,12,1,-81.24,0.0,0.0,-81.24,81.24,0.0,-81.24,1,0,False,[-81.24],0.0,0.0,0.0,0.0
X00316,momentum_reversion,all,fixed,fixed,40.0,120.0,12,1,-81.24,0.0,0.0,-81.24,81.24,0.0,-81.24,1,0,False,[-81.24],0.0,0.0,0.0,0.0
X00346,momentum_reversion,all,fixed,fixed,40.0,60.0,24,1,-81.24,0.0,0.0,-81.24,81.24,0.0,-81.24,1,0,False,[-81.24],0.0,0.0,0.0,0.0
X00347,momentum_reversion,all,fixed,fixed,40.0,120.0,24,1,-81.24,0.0,0.0,-81.24,81.24,0.0,-81.24,1,0,False,[-81.24],0.0,0.0,0.0,0.0
X00377,momentum_reversion,long_only,fixed,fixed,40.0,60.0,6,1,-81.24,0.0,0.0,-81.24,81.24,0.0,-81.24,1,0,False,[-81.24],0.0,0.0,0.0,0.0
X00378,momentum_reversion,long_only,fixed,fixed,40.0,120.0,6,1,-81.24,0.0,0.0,-81.24,81.24,0.0,-81.24,1,0,False,[-81.24],0.0,0.0,0.0,0.0
X00408,momentum_reversion,long_only,fixed,fixed,40.0,60.0,12,1,-81.24,0.0,0.0,-81.24,81.24,0.0,-81.24,1,0,False,[-81.24],0.0,0.0,0.0,0.0
X00409,momentum_reversion,long_only,fixed,fixed,40.0,120.0,12,1,-81.24,0.0,0.0,-81.24,81.24,0.0,-81.24,1,0,False,[-81.24],0.0,0.0,0.0,0.0
X00439,momentum_reversion,long_only,fixed,fixed,40.0,60.0,24,1,-81.24,0.0,0.0,-81.24,81.24,0.0,-81.24,1,0,False,[-81.24],0.0,0.0,0.0,0.0
X00440,momentum_reversion,long_only,fixed,fixed,40.0,120.0,24,1,-81.24,0.0,0.0,-81.24,81.24,0.0,-81.24,1,0,False,[-81.24],0.0,0.0,0.0,0.0
X00271,icefishball,short_only,atr_blend,atr_blend,1.5,2.0,24,3,-248.22,0.0,0.0,-82.74,248.22,0.0,-248.22,3,0,False,"[-75.24, -136.24, -36.74]",0.0,0.0,0.0,0.0
X00272,icefishball,short_only,atr_blend,atr_blend,1.5,4.0,24,3,-248.22,0.0,0.0,-82.74,248.22,0.0,-248.22,3,0,False,"[-75.24, -136.24, -36.74]",0.0,0.0,0.0,0.0
X00307,momentum_reversion,all,range15_pct,range15_pct,0.75,1.0,6,1,-91.24,0.0,0.0,-91.24,91.24,0.0,-91.24,1,0,False,[-91.24],0.0,0.0,0.0,0.0
X00308,momentum_reversion,all,range15_pct,range15_pct,0.75,2.0,6,1,-91.24,0.0,0.0,-91.24,91.24,0.0,-91.24,1,0,False,[-91.24],0.0,0.0,0.0,0.0
X00338,momentum_reversion,all,range15_pct,range15_pct,0.75,1.0,12,1,-91.24,0.0,0.0,-91.24,91.24,0.0,-91.24,1,0,False,[-91.24],0.0,0.0,0.0,0.0
X00339,momentum_reversion,all,range15_pct,range15_pct,0.75,2.0,12,1,-91.24,0.0,0.0,-91.24,91.24,0.0,-91.24,1,0,False,[-91.24],0.0,0.0,0.0,0.0
X00369,momentum_reversion,all,range15_pct,range15_pct,0.75,1.0,24,1,-91.24,0.0,0.0,-91.24,91.24,0.0,-91.24,1,0,False,[-91.24],0.0,0.0,0.0,0.0
X00370,momentum_reversion,all,range15_pct,range15_pct,0.75,2.0,24,1,-91.24,0.0,0.0,-91.24,91.24,0.0,-91.24,1,0,False,[-91.24],0.0,0.0,0.0,0.0
X00400,momentum_reversion,long_only,range15_pct,range15_pct,0.75,1.0,6,1,-91.24,0.0,0.0,-91.24,91.24,0.0,-91.24,1,0,False,[-91.24],0.0,0.0,0.0,0.0
X00401,momentum_reversion,long_only,range15_pct,range15_pct,0.75,2.0,6,1,-91.24,0.0,0.0,-91.24,91.24,0.0,-91.24,1,0,False,[-91.24],0.0,0.0,0.0,0.0
X00431,momentum_reversion,long_only,range15_pct,range15_pct,0.75,1.0,12,1,-91.24,0.0,0.0,-91.24,91.24,0.0,-91.24,1,0,False,[-91.24],0.0,0.0,0.0,0.0
X00432,momentum_reversion,long_only,range15_pct,range15_pct,0.75,2.0,12,1,-91.24,0.0,0.0,-91.24,91.24,0.0,-91.24,1,0,False,[-91.24],0.0,0.0,0.0,0.0
X00462,momentum_reversion,long_only,range15_pct,range15_pct,0.75,1.0,24,1,-91.24,0.0,0.0,-91.24,91.24,0.0,-91.24,1,0,False,[-91.24],0.0,0.0,0.0,0.0
X00463,momentum_reversion,long_only,range15_pct,range15_pct,0.75,2.0,24,1,-91.24,0.0,0.0,-91.24,91.24,0.0,-91.24,1,0,False,[-91.24],0.0,0.0,0.0,0.0
X00293,momentum_reversion,all,atr,atr,1.5,2.0,6,1,-92.24,0.0,0.0,-92.24,92.24,0.0,-92.24,1,0,False,[-92.24],0.0,0.0,0.0,0.0
X00294,momentum_reversion,all,atr,atr,1.5,4.0,6,1,-92.24,0.0,0.0,-92.24,92.24,0.0,-92.24,1,0,False,[-92.24],0.0,0.0,0.0,0.0
X00324,momentum_reversion,all,atr,atr,1.5,2.0,12,1,-92.24,0.0,0.0,-92.24,92.24,0.0,-92.24,1,0,False,[-92.24],0.0,0.0,0.0,0.0
X00325,momentum_reversion,all,atr,atr,1.5,4.0,12,1,-92.24,0.0,0.0,-92.24,92.24,0.0,-92.24,1,0,False,[-92.24],0.0,0.0,0.0,0.0
X00355,momentum_reversion,all,atr,atr,1.5,2.0,24,1,-92.24,0.0,0.0,-92.24,92.24,0.0,-92.24,1,0,False,[-92.24],0.0,0.0,0.0,0.0
X00356,momentum_reversion,all,atr,atr,1.5,4.0,24,1,-92.24,0.0,0.0,-92.24,92.24,0.0,-92.24,1,0,False,[-92.24],0.0,0.0,0.0,0.0
X00386,momentum_reversion,long_only,atr,atr,1.5,2.0,6,1,-92.24,0.0,0.0,-92.24,92.24,0.0,-92.24,1,0,False,[-92.24],0.0,0.0,0.0,0.0
X00387,momentum_reversion,long_only,atr,atr,1.5,4.0,6,1,-92.24,0.0,0.0,-92.24,92.24,0.0,-92.24,1,0,False,[-92.24],0.0,0.0,0.0,0.0
X00417,momentum_reversion,long_only,atr,atr,1.5,2.0,12,1,-92.24,0.0,0.0,-92.24,92.24,0.0,-92.24,1,0,False,[-92.24],0.0,0.0,0.0,0.0
X00418,momentum_reversion,long_only,atr,atr,1.5,4.0,12,1,-92.24,0.0,0.0,-92.24,92.24,0.0,-92.24,1,0,False,[-92.24],0.0,0.0,0.0,0.0
X00448,momentum_reversion,long_only,atr,atr,1.5,2.0,24,1,-92.24,0.0,0.0,-92.24,92.24,0.0,-92.24,1,0,False,[-92.24],0.0,0.0,0.0,0.0
X00449,momentum_reversion,long_only,atr,atr,1.5,4.0,24,1,-92.24,0.0,0.0,-92.24,92.24,0.0,-92.24,1,0,False,[-92.24],0.0,0.0,0.0,0.0
X00296,momentum_reversion,all,atr,atr,2.5,2.0,6,1,-113.24,0.0,0.0,-113.24,113.24,0.0,-113.24,1,0,False,[-113.24],0.0,0.0,0.0,0.0
X00297,momentum_reversion,all,atr,atr,2.5,4.0,6,1,-113.24,0.0,0.0,-113.24,113.24,0.0,-113.24,1,0,False,[-113.24],0.0,0.0,0.0,0.0
X00305,momentum_reversion,all,atr_blend,atr_blend,2.5,2.0,6,1,-113.24,0.0,0.0,-113.24,113.24,0.0,-113.24,1,0,False,[-113.24],0.0,0.0,0.0,0.0
X00306,momentum_reversion,all,atr_blend,atr_blend,2.5,4.0,6,1,-113.24,0.0,0.0,-113.24,113.24,0.0,-113.24,1,0,False,[-113.24],0.0,0.0,0.0,0.0
X00309,momentum_reversion,all,range15_pct,range15_pct,1.25,1.0,6,1,-113.24,0.0,0.0,-113.24,113.24,0.0,-113.24,1,0,False,[-113.24],0.0,0.0,0.0,0.0
X00310,momentum_reversion,all,range15_pct,range15_pct,1.25,2.0,6,1,-113.24,0.0,0.0,-113.24,113.24,0.0,-113.24,1,0,False,[-113.24],0.0,0.0,0.0,0.0
X00389,momentum_reversion,long_only,atr,atr,2.5,2.0,6,1,-113.24,0.0,0.0,-113.24,113.24,0.0,-113.24,1,0,False,[-113.24],0.0,0.0,0.0,0.0
X00390,momentum_reversion,long_only,atr,atr,2.5,4.0,6,1,-113.24,0.0,0.0,-113.24,113.24,0.0,-113.24,1,0,False,[-113.24],0.0,0.0,0.0,0.0
X00398,momentum_reversion,long_only,atr_blend,atr_blend,2.5,2.0,6,1,-113.24,0.0,0.0,-113.24,113.24,0.0,-113.24,1,0,False,[-113.24],0.0,0.0,0.0,0.0
X00399,momentum_reversion,long_only,atr_blend,atr_blend,2.5,4.0,6,1,-113.24,0.0,0.0,-113.24,113.24,0.0,-113.24,1,0,False,[-113.24],0.0,0.0,0.0,0.0
X00402,momentum_reversion,long_only,range15_pct,range15_pct,1.25,1.0,6,1,-113.24,0.0,0.0,-113.24,113.24,0.0,-113.24,1,0,False,[-113.24],0.0,0.0,0.0,0.0
X00403,momentum_reversion,long_only,range15_pct,range15_pct,1.25,2.0,6,1,-113.24,0.0,0.0,-113.24,113.24,0.0,-113.24,1,0,False,[-113.24],0.0,0.0,0.0,0.0
X00302,momentum_reversion,all,atr_blend,atr_blend,1.5,2.0,6,1,-117.24,0.0,0.0,-117.24,117.24,0.0,-117.24,1,0,False,[-117.24],0.0,0.0,0.0,0.0
X00303,momentum_reversion,all,atr_blend,atr_blend,1.5,4.0,6,1,-117.24,0.0,0.0,-117.24,117.24,0.0,-117.24,1,0,False,[-117.24],0.0,0.0,0.0,0.0
X00333,momentum_reversion,all,atr_blend,atr_blend,1.5,2.0,12,1,-117.24,0.0,0.0,-117.24,117.24,0.0,-117.24,1,0,False,[-117.24],0.0,0.0,0.0,0.0
X00334,momentum_reversion,all,atr_blend,atr_blend,1.5,4.0,12,1,-117.24,0.0,0.0,-117.24,117.24,0.0,-117.24,1,0,False,[-117.24],0.0,0.0,0.0,0.0
X00364,momentum_reversion,all,atr_blend,atr_blend,1.5,2.0,24,1,-117.24,0.0,0.0,-117.24,117.24,0.0,-117.24,1,0,False,[-117.24],0.0,0.0,0.0,0.0
X00365,momentum_reversion,all,atr_blend,atr_blend,1.5,4.0,24,1,-117.24,0.0,0.0,-117.24,117.24,0.0,-117.24,1,0,False,[-117.24],0.0,0.0,0.0,0.0
X00395,momentum_reversion,long_only,atr_blend,atr_blend,1.5,2.0,6,1,-117.24,0.0,0.0,-117.24,117.24,0.0,-117.24,1,0,False,[-117.24],0.0,0.0,0.0,0.0
X00396,momentum_reversion,long_only,atr_blend,atr_blend,1.5,4.0,6,1,-117.24,0.0,0.0,-117.24,117.24,0.0,-117.24,1,0,False,[-117.24],0.0,0.0,0.0,0.0
X00426,momentum_reversion,long_only,atr_blend,atr_blend,1.5,2.0,12,1,-117.24,0.0,0.0,-117.24,117.24,0.0,-117.24,1,0,False,[-117.24],0.0,0.0,0.0,0.0
X00427,momentum_reversion,long_only,atr_blend,atr_blend,1.5,4.0,12,1,-117.24,0.0,0.0,-117.24,117.24,0.0,-117.24,1,0,False,[-117.24],0.0,0.0,0.0,0.0
X00457,momentum_reversion,long_only,atr_blend,atr_blend,1.5,2.0,24,1,-117.24,0.0,0.0,-117.24,117.24,0.0,-117.24,1,0,False,[-117.24],0.0,0.0,0.0,0.0
X00458,momentum_reversion,long_only,atr_blend,atr_blend,1.5,4.0,24,1,-117.24,0.0,0.0,-117.24,117.24,0.0,-117.24,1,0,False,[-117.24],0.0,0.0,0.0,0.0
X00287,momentum_reversion,all,fixed,fixed,60.0,60.0,6,1,-121.24,0.0,0.0,-121.24,121.24,0.0,-121.24,1,0,False,[-121.24],0.0,0.0,0.0,0.0
X00288,momentum_reversion,all,fixed,fixed,60.0,120.0,6,1,-121.24,0.0,0.0,-121.24,121.24,0.0,-121.24,1,0,False,[-121.24],0.0,0.0,0.0,0.0
X00318,momentum_reversion,all,fixed,fixed,60.0,60.0,12,1,-121.24,0.0,0.0,-121.24,121.24,0.0,-121.24,1,0,False,[-121.24],0.0,0.0,0.0,0.0
X00319,momentum_reversion,all,fixed,fixed,60.0,120.0,12,1,-121.24,0.0,0.0,-121.24,121.24,0.0,-121.24,1,0,False,[-121.24],0.0,0.0,0.0,0.0
X00349,momentum_reversion,all,fixed,fixed,60.0,60.0,24,1,-121.24,0.0,0.0,-121.24,121.24,0.0,-121.24,1,0,False,[-121.24],0.0,0.0,0.0,0.0
X00350,momentum_reversion,all,fixed,fixed,60.0,120.0,24,1,-121.24,0.0,0.0,-121.24,121.24,0.0,-121.24,1,0,False,[-121.24],0.0,0.0,0.0,0.0
X00380,momentum_reversion,long_only,fixed,fixed,60.0,60.0,6,1,-121.24,0.0,0.0,-121.24,121.24,0.0,-121.24,1,0,False,[-121.24],0.0,0.0,0.0,0.0
X00381,momentum_reversion,long_only,fixed,fixed,60.0,120.0,6,1,-121.24,0.0,0.0,-121.24,121.24,0.0,-121.24,1,0,False,[-121.24],0.0,0.0,0.0,0.0
X00411,momentum_reversion,long_only,fixed,fixed,60.0,60.0,12,1,-121.24,0.0,0.0,-121.24,121.24,0.0,-121.24,1,0,False,[-121.24],0.0,0.0,0.0,0.0
X00412,momentum_reversion,long_only,fixed,fixed,60.0,120.0,12,1,-121.24,0.0,0.0,-121.24,121.24,0.0,-121.24,1,0,False,[-121.24],0.0,0.0,0.0,0.0
X00442,momentum_reversion,long_only,fixed,fixed,60.0,60.0,24,1,-121.24,0.0,0.0,-121.24,121.24,0.0,-121.24,1,0,False,[-121.24],0.0,0.0,0.0,0.0
X00443,momentum_reversion,long_only,fixed,fixed,60.0,120.0,24,1,-121.24,0.0,0.0,-121.24,121.24,0.0,-121.24,1,0,False,[-121.24],0.0,0.0,0.0,0.0
X00340,momentum_reversion,all,range15_pct,range15_pct,1.25,1.0,12,1,-151.24,0.0,0.0,-151.24,151.24,0.0,-151.24,1,0,False,[-151.24],0.0,0.0,0.0,0.0
X00341,momentum_reversion,all,range15_pct,range15_pct,1.25,2.0,12,1,-151.24,0.0,0.0,-151.24,151.24,0.0,-151.24,1,0,False,[-151.24],0.0,0.0,0.0,0.0
X00371,momentum_reversion,all,range15_pct,range15_pct,1.25,1.0,24,1,-151.24,0.0,0.0,-151.24,151.24,0.0,-151.24,1,0,False,[-151.24],0.0,0.0,0.0,0.0
X00372,momentum_reversion,all,range15_pct,range15_pct,1.25,2.0,24,1,-151.24,0.0,0.0,-151.24,151.24,0.0,-151.24,1,0,False,[-151.24],0.0,0.0,0.0,0.0
X00433,momentum_reversion,long_only,range15_pct,range15_pct,1.25,1.0,12,1,-151.24,0.0,0.0,-151.24,151.24,0.0,-151.24,1,0,False,[-151.24],0.0,0.0,0.0,0.0
X00434,momentum_reversion,long_only,range15_pct,range15_pct,1.25,2.0,12,1,-151.24,0.0,0.0,-151.24,151.24,0.0,-151.24,1,0,False,[-151.24],0.0,0.0,0.0,0.0
X00464,momentum_reversion,long_only,range15_pct,range15_pct,1.25,1.0,24,1,-151.24,0.0,0.0,-151.24,151.24,0.0,-151.24,1,0,False,[-151.24],0.0,0.0,0.0,0.0
X00465,momentum_reversion,long_only,range15_pct,range15_pct,1.25,2.0,24,1,-151.24,0.0,0.0,-151.24,151.24,0.0,-151.24,1,0,False,[-151.24],0.0,0.0,0.0,0.0
X00327,momentum_reversion,all,atr,atr,2.5,2.0,12,1,-152.74,0.0,0.0,-152.74,152.74,0.0,-152.74,1,0,False,[-152.74],0.0,0.0,0.0,0.0
X00328,momentum_reversion,all,atr,atr,2.5,4.0,12,1,-152.74,0.0,0.0,-152.74,152.74,0.0,-152.74,1,0,False,[-152.74],0.0,0.0,0.0,0.0
X00358,momentum_reversion,all,atr,atr,2.5,2.0,24,1,-152.74,0.0,0.0,-152.74,152.74,0.0,-152.74,1,0,False,[-152.74],0.0,0.0,0.0,0.0
X00359,momentum_reversion,all,atr,atr,2.5,4.0,24,1,-152.74,0.0,0.0,-152.74,152.74,0.0,-152.74,1,0,False,[-152.74],0.0,0.0,0.0,0.0
X00420,momentum_reversion,long_only,atr,atr,2.5,2.0,12,1,-152.74,0.0,0.0,-152.74,152.74,0.0,-152.74,1,0,False,[-152.74],0.0,0.0,0.0,0.0
X00421,momentum_reversion,long_only,atr,atr,2.5,4.0,12,1,-152.74,0.0,0.0,-152.74,152.74,0.0,-152.74,1,0,False,[-152.74],0.0,0.0,0.0,0.0
X00451,momentum_reversion,long_only,atr,atr,2.5,2.0,24,1,-152.74,0.0,0.0,-152.74,152.74,0.0,-152.74,1,0,False,[-152.74],0.0,0.0,0.0,0.0
X00452,momentum_reversion,long_only,atr,atr,2.5,4.0,24,1,-152.74,0.0,0.0,-152.74,152.74,0.0,-152.74,1,0,False,[-152.74],0.0,0.0,0.0,0.0
X00336,momentum_reversion,all,atr_blend,atr_blend,2.5,2.0,12,1,-194.24,0.0,0.0,-194.24,194.24,0.0,-194.24,1,0,False,[-194.24],0.0,0.0,0.0,0.0
X00337,momentum_reversion,all,atr_blend,atr_blend,2.5,4.0,12,1,-194.24,0.0,0.0,-194.24,194.24,0.0,-194.24,1,0,False,[-194.24],0.0,0.0,0.0,0.0
X00367,momentum_reversion,all,atr_blend,atr_blend,2.5,2.0,24,1,-194.24,0.0,0.0,-194.24,194.24,0.0,-194.24,1,0,False,[-194.24],0.0,0.0,0.0,0.0
X00368,momentum_reversion,all,atr_blend,atr_blend,2.5,4.0,24,1,-194.24,0.0,0.0,-194.24,194.24,0.0,-194.24,1,0,False,[-194.24],0.0,0.0,0.0,0.0
X00429,momentum_reversion,long_only,atr_blend,atr_blend,2.5,2.0,12,1,-194.24,0.0,0.0,-194.24,194.24,0.0,-194.24,1,0,False,[-194.24],0.0,0.0,0.0,0.0
X00430,momentum_reversion,long_only,atr_blend,atr_blend,2.5,4.0,12,1,-194.24,0.0,0.0,-194.24,194.24,0.0,-194.24,1,0,False,[-194.24],0.0,0.0,0.0,0.0
X00460,momentum_reversion,long_only,atr_blend,atr_blend,2.5,2.0,24,1,-194.24,0.0,0.0,-194.24,194.24,0.0,-194.24,1,0,False,[-194.24],0.0,0.0,0.0,0.0
X00461,momentum_reversion,long_only,atr_blend,atr_blend,2.5,4.0,24,1,-194.24,0.0,0.0,-194.24,194.24,0.0,-194.24,1,0,False,[-194.24],0.0,0.0,0.0,0.0
