param_id,side,label,entry_time,exit_time,entry,exit,sl,tp,pnl,gross_pnl,exit_reason,hold_bars,exit_label
R0430,short,S-0.5,2026-06-12T17:10:00+00:00,2026-06-12T18:15:00+00:00,4238.5,4250.5,4250.5,4214.5,-1203.8,-1200.0,sl,13,XS-0.5
R0430,short,S-0.5,2026-06-15T00:55:00+00:00,2026-06-15T01:20:00+00:00,4313.1,4325.1,4325.1,4289.1,-1203.8,-1200.0,sl,5,XS-0.5
R0430,short,S-0.5,2026-06-15T03:40:00+00:00,2026-06-15T05:40:00+00:00,4345.0,4333.89990234375,4357.0,4321.0,1106.209765625,1110.009765625,time,24,XS-0.5
R0430,short,S-0.5,2026-06-15T15:00:00+00:00,2026-06-15T17:00:00+00:00,4376.5,4355.5,4394.5,4352.5,2096.2,2100.0,time,24,XS-0.5
R0430,short,S-0.5,2026-06-15T19:30:00+00:00,2026-06-15T22:30:00+00:00,4344.400000000001,4330.7001953125,4356.400000000001,4320.400000000001,1366.1804687500546,1369.9804687500546,time,24,XS-0.5
R0430,short,S-0.5,2026-06-15T22:40:00+00:00,2026-06-16T00:40:00+00:00,4333.5,4331.7998046875,4345.5,4309.5,166.21953125,170.01953125,time,24,XS-0.5
R0430,short,S-0.5,2026-06-16T04:50:00+00:00,2026-06-16T06:50:00+00:00,4342.400000000001,4340.5,4354.400000000001,4318.400000000001,186.20000000005456,190.00000000005457,time,24,XS-0.5
R0430,short,S-0.5,2026-06-16T12:00:00+00:00,2026-06-16T14:00:00+00:00,4359.8,4359.89990234375,4377.8,4335.8,-13.79023437498181,-9.99023437498181,time,24,XS-0.5
R0430,short,S-0.5,2026-06-16T15:20:00+00:00,2026-06-16T15:55:00+00:00,4342.2,4360.2,4360.2,4318.2,-1803.8,-1800.0,sl,7,XS-0.5
R0430,short,S-0.5,2026-06-16T17:15:00+00:00,2026-06-16T18:00:00+00:00,4352.1,4364.1,4364.1,4328.1,-1203.8,-1200.0,sl,9,XS-0.5
R0430,short,S-0.5,2026-06-16T19:45:00+00:00,2026-06-16T22:45:00+00:00,4359.0,4353.0,4371.0,4335.0,596.2,600.0,time,24,XS-0.5
R0430,short,S-0.5,2026-06-17T00:40:00+00:00,2026-06-17T01:05:00+00:00,4355.0,4367.0,4367.0,4331.0,-1203.8,-1200.0,sl,5,XS-0.5
R0430,short,S-0.5,2026-06-17T01:30:00+00:00,2026-06-17T03:30:00+00:00,4358.900000000001,4352.39990234375,4376.900000000001,4334.900000000001,646.2097656250546,650.0097656250546,time,24,XS-0.5
R0430,short,S-0.5,2026-06-17T05:00:00+00:00,2026-06-17T07:00:00+00:00,4345.3,4350.10009765625,4363.3,4321.3,-483.8097656249818,-480.0097656249818,time,24,XS-0.5
R0430,short,S-0.5,2026-06-17T07:45:00+00:00,2026-06-17T09:45:00+00:00,4346.2,4346.7998046875,4358.2,4322.2,-63.78046875001819,-59.98046875001819,time,24,XS-0.5
R0430,short,S-0.5,2026-06-17T11:05:00+00:00,2026-06-17T13:05:00+00:00,4348.1,4346.7998046875,4360.1,4324.1,126.21953125003638,130.01953125003638,time,24,XS-0.5
R0430,short,S-0.5,2026-06-17T18:40:00+00:00,2026-06-17T18:55:00+00:00,4343.2,4319.2,4361.2,4319.2,2396.2,2400.0,tp,3,XS-0.5
R0430,short,S-0.5,2026-06-18T02:45:00+00:00,2026-06-18T04:45:00+00:00,4334.2,4335.5,4346.2,4310.2,-133.8000000000182,-130.0000000000182,time,24,XS-0.5
R0430,short,S-0.5,2026-06-18T04:55:00+00:00,2026-06-18T06:55:00+00:00,4336.0,4326.60009765625,4348.0,4312.0,936.190234375,939.990234375,time,24,XS-0.5
R0430,short,S-0.5,2026-06-18T12:30:00+00:00,2026-06-18T13:30:00+00:00,4268.8,4286.8,4286.8,4244.8,-1803.8,-1800.0,sl,12,XS-0.5
R0430,short,S-0.5,2026-06-18T18:45:00+00:00,2026-06-18T20:45:00+00:00,4240.8,4228.7998046875,4252.8,4216.8,1196.2195312500182,1200.0195312500182,time,24,XS-0.5
R0430,short,S-0.5,2026-06-18T22:00:00+00:00,2026-06-19T00:00:00+00:00,4223.6,4209.7001953125,4235.6,4199.6,1386.1804687500364,1389.9804687500364,time,24,XS-0.5
R0430,short,S-0.5,2026-06-19T01:25:00+00:00,2026-06-19T03:05:00+00:00,4209.0,4185.0,4221.0,4185.0,2396.2,2400.0,tp,20,XS-0.5
R0430,short,S-0.5,2026-06-21T22:55:00+00:00,2026-06-22T00:40:00+00:00,4172.8,4190.8,4190.8,4148.8,-1803.8,-1800.0,sl,21,XS-0.5
R0430,short,S-0.5,2026-06-22T03:05:00+00:00,2026-06-22T03:15:00+00:00,4199.900000000001,4175.900000000001,4217.900000000001,4175.900000000001,2396.2,2400.0,tp,2,XS-0.5
R0430,short,S-0.5,2026-06-22T03:45:00+00:00,2026-06-22T05:20:00+00:00,4194.7,4206.7,4206.7,4170.7,-1203.8,-1200.0,sl,19,XS-0.5
R0430,short,S-0.5,2026-06-22T15:40:00+00:00,2026-06-22T15:50:00+00:00,4199.1,4175.1,4211.1,4175.1,2396.2,2400.0,tp,2,XS-0.5
R0430,short,S-0.5,2026-06-22T15:55:00+00:00,2026-06-22T16:15:00+00:00,4201.0,4177.0,4213.0,4177.0,2396.2,2400.0,tp,4,XS-0.5
R0430,short,S-0.5,2026-06-23T00:00:00+00:00,2026-06-23T01:35:00+00:00,4205.8,4181.8,4217.8,4181.8,2396.2,2400.0,tp,19,XS-0.5
R0430,short,S-0.5,2026-06-23T07:05:00+00:00,2026-06-23T07:55:00+00:00,4139.3,4115.3,4157.3,4115.3,2396.2,2400.0,tp,10,XS-0.5
R0430,short,S-0.5,2026-06-23T11:55:00+00:00,2026-06-23T13:45:00+00:00,4141.1,4153.1,4153.1,4117.1,-1203.8,-1200.0,sl,22,XS-0.5
R0430,short,S-0.5,2026-06-23T14:35:00+00:00,2026-06-23T16:30:00+00:00,4142.0,4160.0,4160.0,4118.0,-1803.8,-1800.0,sl,23,XS-0.5
R0430,short,S-0.5,2026-06-23T17:00:00+00:00,2026-06-23T19:00:00+00:00,4150.0,4141.60009765625,4162.0,4126.0,836.190234375,839.990234375,time,24,XS-0.5
R0430,short,S-0.5,2026-06-23T19:30:00+00:00,2026-06-23T22:30:00+00:00,4139.8,4115.8,4151.8,4115.8,2396.2,2400.0,tp,24,XS-0.5
R0430,short,S-0.5,2026-06-23T22:55:00+00:00,2026-06-24T00:55:00+00:00,4121.2,4114.7001953125,4133.2,4097.2,646.1804687499819,649.9804687499818,time,24,XS-0.5
R0430,short,S-0.5,2026-06-24T01:00:00+00:00,2026-06-24T01:10:00+00:00,4090.9,4108.900000000001,4108.900000000001,4066.9,-1803.8000000000454,-1800.0000000000455,sl,2,XS-0.5
R0430,short,S-0.5,2026-06-24T07:50:00+00:00,2026-06-24T09:50:00+00:00,4095.9,4085.89990234375,4107.900000000001,4071.9,996.2097656250091,1000.0097656250091,time,24,XS-0.5
R0430,short,S-0.5,2026-06-24T11:50:00+00:00,2026-06-24T12:25:00+00:00,4070.9,4046.9,4088.9,4046.9,2396.2,2400.0,tp,7,XS-0.5
R0430,short,S-0.5,2026-06-24T15:05:00+00:00,2026-06-24T16:30:00+00:00,4017.2000000000003,4035.2000000000003,4035.2000000000003,3993.2000000000003,-1803.8,-1800.0,sl,17,XS-0.5
R0430,short,S-0.5,2026-06-24T17:05:00+00:00,2026-06-24T17:45:00+00:00,4023.5,3999.5,4035.5,3999.5,2396.2,2400.0,tp,8,XS-0.5
R0430,short,S-0.5,2026-06-24T22:50:00+00:00,2026-06-24T23:30:00+00:00,4011.1000000000004,4023.1000000000004,4023.1000000000004,3987.1000000000004,-1203.8,-1200.0,sl,8,XS-0.5
R0430,short,S-0.5,2026-06-25T00:15:00+00:00,2026-06-25T00:45:00+00:00,4018.3,3994.3,4030.3,3994.3,2396.2,2400.0,tp,6,XS-0.5
R0430,short,S-0.5,2026-06-25T03:20:00+00:00,2026-06-25T03:50:00+00:00,3988.9,4006.9,4006.9,3964.9,-1803.8,-1800.0,sl,6,XS-0.5
R0430,short,S-0.5,2026-06-25T05:40:00+00:00,2026-06-25T07:40:00+00:00,3999.1000000000004,3989.800048828125,4011.1000000000004,3975.1000000000004,926.1951171875364,929.9951171875364,time,24,XS-0.5
R0430,short,S-0.5,2026-06-25T09:55:00+00:00,2026-06-25T11:55:00+00:00,4003.4,3995.300048828125,4015.4,3979.4,806.1951171875091,809.9951171875091,time,24,XS-0.5
R0430,short,S-0.5,2026-06-25T13:55:00+00:00,2026-06-25T14:05:00+00:00,4017.5,4035.5,4035.5,3993.5,-1803.8,-1800.0,sl,2,XS-0.5
R0430,short,S-0.5,2026-06-25T18:10:00+00:00,2026-06-25T18:25:00+00:00,4047.7000000000003,4059.7000000000003,4059.7000000000003,4023.7000000000003,-1203.8,-1200.0,sl,3,XS-0.5
R0430,short,S-0.5,2026-06-25T18:55:00+00:00,2026-06-25T20:55:00+00:00,4050.4,4041.60009765625,4062.4,4026.4,876.1902343750091,879.9902343750091,time,24,XS-0.5
R0430,short,S-0.5,2026-06-25T23:30:00+00:00,2026-06-26T01:30:00+00:00,4036.5,4035.89990234375,4048.5,4012.5,56.209765625,60.009765625,time,24,XS-0.5
R0430,short,S-0.5,2026-06-26T05:55:00+00:00,2026-06-26T06:20:00+00:00,4023.2000000000003,4035.2000000000003,4035.2000000000003,3999.2000000000003,-1203.8,-1200.0,sl,5,XS-0.5
R0430,short,S-0.5,2026-06-26T08:55:00+00:00,2026-06-26T09:15:00+00:00,4046.1000000000004,4058.1000000000004,4058.1000000000004,4022.1000000000004,-1203.8,-1200.0,sl,4,XS-0.5
R0430,short,S-0.5,2026-06-26T12:10:00+00:00,2026-06-26T12:55:00+00:00,4064.0,4076.0,4076.0,4040.0,-1203.8,-1200.0,sl,9,XS-0.5
R0430,short,S-0.5,2026-06-26T13:15:00+00:00,2026-06-26T13:50:00+00:00,4065.2000000000003,4083.2000000000003,4083.2000000000003,4041.2000000000003,-1803.8,-1800.0,sl,7,XS-0.5
R0430,short,S-0.5,2026-06-26T17:10:00+00:00,2026-06-26T19:10:00+00:00,4098.400000000001,4084.0,4110.400000000001,4074.4,1436.2000000000546,1440.0000000000546,time,24,XS-0.5
R0430,short,S-0.5,2026-06-29T01:10:00+00:00,2026-06-29T03:10:00+00:00,4069.5,4083.800048828125,4087.5,4045.5,-1433.8048828125,-1430.0048828125,time,24,XS-0.5
R0430,short,S-0.5,2026-06-29T11:30:00+00:00,2026-06-29T12:00:00+00:00,4049.7000000000003,4061.7000000000003,4061.7000000000003,4025.7000000000003,-1203.8,-1200.0,sl,6,XS-0.5
R0430,short,S-0.5,2026-06-29T12:25:00+00:00,2026-06-29T13:00:00+00:00,4052.5,4064.5,4064.5,4028.5,-1203.8,-1200.0,sl,7,XS-0.5
R0430,short,S-0.5,2026-06-29T13:35:00+00:00,2026-06-29T14:10:00+00:00,4050.5,4026.5,4068.5,4026.5,2396.2,2400.0,tp,7,XS-0.5
R0430,short,S-0.5,2026-06-29T14:25:00+00:00,2026-06-29T16:25:00+00:00,4038.9,4038.199951171875,4056.9,4014.9,66.2048828125091,70.0048828125091,time,24,XS-0.5
R0430,short,S-0.5,2026-06-29T18:15:00+00:00,2026-06-29T20:15:00+00:00,4039.5,4031.199951171875,4051.5,4015.5,826.2048828125,830.0048828125,time,24,XS-0.5
R0430,short,S-0.5,2026-06-29T22:50:00+00:00,2026-06-30T00:40:00+00:00,4029.8,4005.8,4041.8,4005.8,2396.2,2400.0,tp,22,XS-0.5
R0430,short,S-0.5,2026-06-30T02:50:00+00:00,2026-06-30T04:30:00+00:00,3979.5,3997.5,3997.5,3955.5,-1803.8,-1800.0,sl,20,XS-0.5
R0430,short,S-0.5,2026-06-30T05:30:00+00:00,2026-06-30T06:05:00+00:00,3990.5,4002.5,4002.5,3966.5,-1203.8,-1200.0,sl,7,XS-0.5
R0430,short,S-0.5,2026-06-30T08:30:00+00:00,2026-06-30T10:30:00+00:00,4037.2000000000003,4040.89990234375,4049.2000000000003,4013.2000000000003,-373.7902343749727,-369.9902343749727,time,24,XS-0.5
R0430,short,S-0.5,2026-06-30T15:00:00+00:00,2026-06-30T17:00:00+00:00,4049.4,4041.300048828125,4067.4,4025.4,806.1951171875091,809.9951171875091,time,24,XS-0.5
R0430,short,S-0.5,2026-06-30T17:15:00+00:00,2026-06-30T19:15:00+00:00,4041.3,4038.699951171875,4053.3,4017.3,256.2048828125182,260.0048828125182,time,24,XS-0.5
R0430,short,S-0.5,2026-07-01T03:40:00+00:00,2026-07-01T05:40:00+00:00,3990.2000000000003,3987.60009765625,4002.2000000000003,3966.2000000000003,256.1902343750273,259.9902343750273,time,24,XS-0.5
R0430,short,S-0.5,2026-07-01T06:40:00+00:00,2026-07-01T08:40:00+00:00,3984.7000000000003,3990.199951171875,4002.7000000000003,3960.7000000000003,-553.7951171874727,-549.9951171874727,time,24,XS-0.5
R0430,short,S-0.5,2026-07-01T13:05:00+00:00,2026-07-01T13:20:00+00:00,4031.7000000000003,4049.7000000000003,4049.7000000000003,4007.7000000000003,-1803.8,-1800.0,sl,3,XS-0.5
R0430,short,S-0.5,2026-07-01T15:30:00+00:00,2026-07-01T17:30:00+00:00,4092.5,4084.5,4110.5,4068.5,796.2,800.0,time,24,XS-0.5
R0430,short,S-0.5,2026-07-01T23:20:00+00:00,2026-07-02T00:25:00+00:00,4048.0,4060.0,4060.0,4024.0,-1203.8,-1200.0,sl,13,XS-0.5
R0430,short,S-0.5,2026-07-02T01:30:00+00:00,2026-07-02T03:25:00+00:00,4059.8,4077.8,4077.8,4035.8,-1803.8,-1800.0,sl,23,XS-0.5
R0430,short,S-0.5,2026-07-02T04:50:00+00:00,2026-07-02T06:00:00+00:00,4075.2000000000003,4087.2000000000003,4087.2000000000003,4051.2000000000003,-1203.8,-1200.0,sl,14,XS-0.5
R0430,short,S-0.5,2026-07-02T07:15:00+00:00,2026-07-02T08:20:00+00:00,4077.1000000000004,4089.1000000000004,4089.1000000000004,4053.1000000000004,-1203.8,-1200.0,sl,13,XS-0.5
R0430,short,S-0.5,2026-07-02T09:20:00+00:00,2026-07-02T11:20:00+00:00,4080.1000000000004,4076.5,4092.1000000000004,4056.1000000000004,356.20000000003637,360.0000000000364,time,24,XS-0.5
R0430,short,S-0.5,2026-07-02T15:05:00+00:00,2026-07-02T17:05:00+00:00,4133.900000000001,4129.89990234375,4145.900000000001,4109.900000000001,396.20976562505456,400.00976562505457,time,24,XS-0.5
R0430,short,S-0.5,2026-07-02T19:10:00+00:00,2026-07-02T22:05:00+00:00,4127.7,4139.7,4139.7,4103.7,-1203.8,-1200.0,sl,23,XS-0.5
R0430,short,S-0.5,2026-07-05T22:00:00+00:00,2026-07-05T23:25:00+00:00,4191.8,4203.8,4203.8,4167.8,-1203.8,-1200.0,sl,17,XS-0.5
R0430,short,S-0.5,2026-07-06T00:40:00+00:00,2026-07-06T02:40:00+00:00,4197.6,4183.7001953125,4215.6,4173.6,1386.1804687500364,1389.9804687500364,time,24,XS-0.5
R0430,short,S-0.5,2026-07-06T04:15:00+00:00,2026-07-06T06:15:00+00:00,4175.6,4160.7001953125,4187.6,4151.6,1486.1804687500364,1489.9804687500364,time,24,XS-0.5
R0430,short,S-0.5,2026-07-06T06:20:00+00:00,2026-07-06T06:40:00+00:00,4164.3,4182.3,4182.3,4140.3,-1803.8,-1800.0,sl,4,XS-0.5
R0430,short,S-0.5,2026-07-06T06:45:00+00:00,2026-07-06T07:05:00+00:00,4167.3,4185.3,4185.3,4143.3,-1803.8,-1800.0,sl,4,XS-0.5
R0430,short,S-0.5,2026-07-06T07:10:00+00:00,2026-07-06T07:30:00+00:00,4162.400000000001,4180.400000000001,4180.400000000001,4138.400000000001,-1803.8,-1800.0,sl,4,XS-0.5
R0430,short,S-0.5,2026-07-06T07:35:00+00:00,2026-07-06T09:35:00+00:00,4170.400000000001,4153.60009765625,4188.400000000001,4146.400000000001,1676.1902343750546,1679.9902343750546,time,24,XS-0.5
R0430,short,S-0.5,2026-07-06T09:40:00+00:00,2026-07-06T10:00:00+00:00,4151.900000000001,4169.900000000001,4169.900000000001,4127.900000000001,-1803.8,-1800.0,sl,4,XS-0.5
R0430,short,S-0.5,2026-07-06T10:05:00+00:00,2026-07-06T10:25:00+00:00,4156.900000000001,4174.900000000001,4174.900000000001,4132.900000000001,-1803.8,-1800.0,sl,4,XS-0.5
R0430,short,S-0.5,2026-07-06T10:30:00+00:00,2026-07-06T10:50:00+00:00,4166.8,4184.8,4184.8,4142.8,-1803.8,-1800.0,sl,4,XS-0.5
R0430,short,S-0.5,2026-07-06T10:55:00+00:00,2026-07-06T11:15:00+00:00,4167.400000000001,4185.400000000001,4185.400000000001,4143.400000000001,-1803.8,-1800.0,sl,4,XS-0.5
R0430,short,S-0.5,2026-07-06T11:35:00+00:00,2026-07-06T11:40:00+00:00,4167.8,4179.8,4179.8,4143.8,-1203.8,-1200.0,sl,1,XS-0.5
R0430,short,S-0.5,2026-07-06T11:45:00+00:00,2026-07-06T12:05:00+00:00,4164.900000000001,4176.900000000001,4176.900000000001,4140.900000000001,-1203.8,-1200.0,sl,4,XS-0.5
R0430,short,S-0.5,2026-07-06T12:10:00+00:00,2026-07-06T12:30:00+00:00,4168.0,4180.0,4180.0,4144.0,-1203.8,-1200.0,sl,4,XS-0.5
R0430,short,S-0.5,2026-07-06T12:35:00+00:00,2026-07-06T12:55:00+00:00,4151.6,4169.6,4169.6,4127.6,-1803.8,-1800.0,sl,4,XS-0.5
R0430,short,S-0.5,2026-07-06T13:20:00+00:00,2026-07-06T13:45:00+00:00,4158.900000000001,4176.900000000001,4176.900000000001,4134.900000000001,-1803.8,-1800.0,sl,5,XS-0.5
